Barcode,Cluster
AAACCTGAGAAGGCCT-1,2
AAACCTGAGACAGACC-1,2
AAACCTGAGATAGTCA-1,2
AAACCTGAGCGCCTCA-1,4
AAACCTGAGGCATGGT-1,8
AAACCTGCAAGGTTCT-1,6
AAACCTGCAGGATTGG-1,3
AAACCTGCAGGCGATA-1,1
AAACCTGCATCCCATC-1,3
AAACCTGCATGAAGTA-1,7
AAACCTGGTACATCCA-1,3
AAACCTGGTGCGGTAA-1,1
AAACCTGTCGTGGTCG-1,1
AAACCTGTCTCTGCTG-1,4
AAACGGGAGCGGCTTC-1,7
AAACGGGAGGCTAGCA-1,1
AAACGGGAGTGTCCAT-1,1
AAACGGGGTCTTCTCG-1,2
AAACGGGGTGGACGAT-1,5
AAACGGGGTTTGCATG-1,7
AAACGGGTCTGGGCCA-1,1
AAACGGGTCTGGTATG-1,4
AAAGATGAGACATAAC-1,4
AAAGATGGTCCCTACT-1,3
AAAGATGTCCGAATGT-1,1
AAAGATGTCTGGTTCC-1,2
AAAGCAAAGTGTCCAT-1,7
AAAGCAACACCGAAAG-1,1
AAAGCAAGTAAACACA-1,6
AAAGCAAGTCAAGCGA-1,1
AAAGCAAGTCTCACCT-1,2
AAAGCAAGTCTTTCAT-1,4
AAAGCAAGTTGTTTGG-1,1
AAAGCAATCGTATCAG-1,6
AAAGCAATCTGCCCTA-1,7
AAAGTAGAGAAGGTGA-1,4
AAAGTAGAGACAATAC-1,1
AAAGTAGAGCGACGTA-1,5
AAAGTAGAGGGCACTA-1,2
AAAGTAGAGTCAAGGC-1,8
AAAGTAGAGTCCATAC-1,3
AAAGTAGCACATGACT-1,3
AAAGTAGCAGCTGTTA-1,3
AAAGTAGGTAAGGGAA-1,2
AAAGTAGGTTACTGAC-1,2
AAAGTAGTCTCAAGTG-1,1
AAATGCCAGACGCACA-1,4
AAATGCCAGGGCTTCC-1,2
AAATGCCAGGGTATCG-1,1
AAATGCCCACATTTCT-1,1
AAATGCCCAGACACTT-1,2
AAATGCCGTGCAGTAG-1,4
AAATGCCGTTTCGCTC-1,1
AAATGCCTCACCAGGC-1,2
AAATGCCTCAGGCCCA-1,3
AACACGTAGGTGCTAG-1,2
AACACGTCACCTGGTG-1,7
AACACGTCATGGTTGT-1,1
AACACGTGTACCGTAT-1,1
AACACGTGTATCAGTC-1,3
AACACGTTCGCATGGC-1,1
AACACGTTCTTACCGC-1,5
AACCATGAGAGTACCG-1,7
AACCATGAGGAGCGTT-1,5
AACCATGCAGTCCTTC-1,8
AACCATGGTACAGCAG-1,2
AACCATGGTATCTGCA-1,1
AACCATGTCGGAAACG-1,1
AACCATGTCGGATGTT-1,7
AACCGCGAGACACTAA-1,4
AACCGCGAGATCCCAT-1,7
AACCGCGAGGGTGTGT-1,2
AACCGCGCACGGCCAT-1,5
AACCGCGCATGGTCTA-1,1
AACCGCGGTAAGTGTA-1,1
AACCGCGGTAGGAGTC-1,5
AACCGCGGTTACGCGC-1,1
AACCGCGTCTGCTTGC-1,1
AACGTTGAGGTCATCT-1,2
AACGTTGCACACCGCA-1,2
AACGTTGCAGTCGTGC-1,5
AACGTTGCAGTTAACC-1,4
AACGTTGGTGTAACGG-1,4
AACGTTGTCACTGGGC-1,7
AACGTTGTCCACGAAT-1,2
AACGTTGTCTTGTATC-1,1
AACTCAGCAACGATGG-1,1
AACTCAGCACGGTTTA-1,1
AACTCAGGTGCACTTA-1,5
AACTCAGGTGTAAGTA-1,7
AACTCAGGTTACCGAT-1,6
AACTCAGGTTGTCGCG-1,1
AACTCAGGTTTGACAC-1,7
AACTCAGTCAGAGCTT-1,6
AACTCAGTCCAACCAA-1,5
AACTCCCAGAAACCTA-1,1
AACTCCCAGCGTGAAC-1,3
AACTCCCCACATGGGA-1,1
AACTCCCCACCATGTA-1,5
AACTCCCCACTACAGT-1,3
AACTCCCCATTAGCCA-1,1
AACTCCCCATTGGTAC-1,1
AACTCCCGTACCGTAT-1,2
AACTCCCGTAGAGGAA-1,6
AACTCCCGTATTCTCT-1,1
AACTCCCGTCTCAACA-1,3
AACTCCCGTTGGTAAA-1,4
AACTCCCTCACGGTTA-1,4
AACTCCCTCGTATCAG-1,1
AACTCTTAGATAGGAG-1,1
AACTCTTCAAGGGTCA-1,5
AACTCTTCAGTCTTCC-1,1
AACTCTTGTTACGCGC-1,4
AACTCTTTCAACGAAA-1,4
AACTCTTTCTCTTATG-1,3
AACTGGTAGCGATAGC-1,2
AACTGGTAGCTGCCCA-1,6
AACTGGTGTACATCCA-1,1
AACTGGTGTACGAAAT-1,3
AACTGGTGTGAGCGAT-1,6
AACTGGTGTTTCGCTC-1,1
AACTGGTTCCTTCAAT-1,6
AACTGGTTCGGAGGTA-1,3
AACTTTCAGAGCTATA-1,5
AACTTTCAGAGTAAGG-1,4
AACTTTCAGGGTGTTG-1,1
AACTTTCCAATACGCT-1,3
AACTTTCCACACCGAC-1,3
AACTTTCCATAAAGGT-1,6
AACTTTCTCAACACGT-1,2
AACTTTCTCAAGGCTT-1,3
AACTTTCTCATCGGAT-1,7
AAGACCTAGAAACGAG-1,5
AAGACCTAGAATTCCC-1,1
AAGACCTAGCACCGTC-1,1
AAGACCTGTGAGGCTA-1,1
AAGACCTGTGCAGGTA-1,3
AAGACCTGTTTGACAC-1,1
AAGACCTTCACCGGGT-1,1
AAGACCTTCGAACGGA-1,8
AAGCCGCAGGCCATAG-1,4
AAGCCGCCAATCTGCA-1,4
AAGCCGCCAATGTAAG-1,7
AAGCCGCCACGAAACG-1,6
AAGCCGCGTAGCAAAT-1,4
AAGCCGCGTGTAACGG-1,1
AAGCCGCTCAAGGTAA-1,2
AAGGAGCAGTTATCGC-1,2
AAGGAGCCAAGTTAAG-1,1
AAGGAGCGTACGCACC-1,4
AAGGAGCGTACTCAAC-1,2
AAGGAGCGTAGTACCT-1,4
AAGGAGCGTCAAAGCG-1,4
AAGGAGCGTGGTTTCA-1,7
AAGGAGCGTTGAGGTG-1,3
AAGGAGCTCATGCAAC-1,3
AAGGAGCTCTGTGCAA-1,1
AAGGCAGAGAATCTCC-1,3
AAGGCAGAGTGGGTTG-1,2
AAGGCAGCAAATACAG-1,2
AAGGCAGCAAATCCGT-1,5
AAGGCAGCACCATCCT-1,7
AAGGCAGGTAGTGAAT-1,4
AAGGCAGGTGGTAACG-1,2
AAGGCAGTCCGCATCT-1,1
AAGGCAGTCCGCGGTA-1,1
AAGGCAGTCCTATGTT-1,3
AAGGCAGTCGTACGGC-1,5
AAGGTTCAGGTGATAT-1,8
AAGGTTCAGTGTACCT-1,4
AAGGTTCCAAGGCTCC-1,3
AAGGTTCCACACGCTG-1,2
AAGGTTCCACCGTTGG-1,1
AAGGTTCCACGAAACG-1,6
AAGGTTCGTGCCTGCA-1,1
AAGGTTCGTGTTCTTT-1,5
AAGGTTCGTTCACGGC-1,1
AAGGTTCTCCATGAAC-1,4
AAGGTTCTCTACTATC-1,6
AAGGTTCTCTCGTATT-1,3
AAGGTTCTCTTGAGGT-1,1
AAGTCTGAGAGGGATA-1,2
AAGTCTGAGAGTACAT-1,4
AAGTCTGAGCGGATCA-1,6
AAGTCTGAGTCAAGCG-1,3
AAGTCTGCAAGGGTCA-1,2
AAGTCTGCACTGTTAG-1,4
AATCCAGAGAGACTAT-1,6
AATCCAGAGCCAACAG-1,4
AATCCAGAGCCACCTG-1,3
AATCCAGAGTAATCCC-1,6
AATCCAGCACAGGCCT-1,3
AATCCAGCAGCCTGTG-1,4
AATCCAGGTAAAGTCA-1,2
AATCCAGGTATAATGG-1,1
AATCCAGGTGAAATCA-1,4
AATCCAGGTGCGCTTG-1,2
AATCCAGTCCCAGGTG-1,3
AATCCAGTCCGAATGT-1,1
AATCCAGTCTCCAGGG-1,1
AATCCAGTCTCGCTTG-1,2
AATCGGTCAGGACCCT-1,8
AATCGGTCATCGTCGG-1,2
AATCGGTGTCGGATCC-1,2
AATCGGTGTGACTCAT-1,1
AATCGGTGTTCCATGA-1,4
AATCGGTTCACCGTAA-1,7
ACACCAAAGAAACGCC-1,6
ACACCAAAGACTGGGT-1,1
ACACCAAAGGCAAAGA-1,1
ACACCAAAGGCAATTA-1,1
ACACCAAAGGCTATCT-1,5
ACACCAAAGTTCCACA-1,5
ACACCAAAGTTTCCTT-1,1
ACACCAACAACTGCTA-1,5
ACACCAAGTAGCGATG-1,5
ACACCAATCATTGCGA-1,2
ACACCAATCTTGACGA-1,5
ACACCCTAGTACGTTC-1,3
ACACCCTAGTGTTAGA-1,5
ACACCCTCATCTCCCA-1,8
ACACCCTCATGCAATC-1,1
ACACCCTGTAAGGGCT-1,1
ACACCCTGTCGCTTTC-1,4
ACACCCTGTTCTGGTA-1,8
ACACCGGAGCTAAGAT-1,2
ACACCGGAGGCAGGTT-1,1
ACACCGGAGTAACCCT-1,2
ACACCGGCAACCGCCA-1,1
ACACCGGCACACATGT-1,6
ACACCGGCACAGGTTT-1,6
ACACCGGCAGCTGCTG-1,4
ACACCGGCATCCTTGC-1,1
ACACCGGGTATGAATG-1,5
ACACCGGTCCCATTTA-1,4
ACACCGGTCGTAGGAG-1,1
ACACTGAAGCGGCTTC-1,1
ACACTGACAAGTAATG-1,5
ACACTGACACAGGTTT-1,2
ACACTGAGTGGTGTAG-1,2
ACACTGATCCTTCAAT-1,1
ACACTGATCGTTACGA-1,4
ACACTGATCTTTAGGG-1,5
ACAGCCGCAGTTCATG-1,3
ACAGCCGGTCATACTG-1,1
ACAGCCGGTCTCAACA-1,1
ACAGCCGGTCTTGATG-1,8
ACAGCCGTCACCGTAA-1,1
ACAGCTAAGATAGCAT-1,3
ACAGCTAAGCCGATTT-1,2
ACAGCTAAGGACAGCT-1,1
ACAGCTAAGTTAGGTA-1,5
ACAGCTACACTAAGTC-1,2
ACAGCTACATACGCTA-1,6
ACAGCTAGTAAGTGGC-1,1
ACAGCTAGTATTAGCC-1,5
ACAGCTAGTCGGGTCT-1,2
ACAGCTATCAACGGCC-1,4
ACAGCTATCGCATGAT-1,1
ACATACGAGTTACGGG-1,1
ACATACGCAGCTGCAC-1,1
ACATACGTCACCGGGT-1,2
ACATACGTCGGGAGTA-1,1
ACATCAGAGGTGCAAC-1,4
ACATCAGCAGCTGTAT-1,1
ACATCAGCATATACGC-1,3
ACATCAGGTGTGACCC-1,4
ACATCAGGTTTGTTTC-1,1
ACATGGTAGCATGGCA-1,3
ACATGGTAGTCTCAAC-1,5
ACATGGTCAAATACAG-1,4
ACATGGTCAACCGCCA-1,1
ACATGGTCATCGTCGG-1,3
ACATGGTCATTTCACT-1,3
ACATGGTTCTGCAAGT-1,3
ACCAGTAAGGGCTCTC-1,5
ACCAGTAAGTGATCGG-1,8
ACCAGTAGTACAAGTA-1,1
ACCAGTAGTAGAGCTG-1,2
ACCAGTAGTCTCTCTG-1,5
ACCAGTAGTGAGTGAC-1,1
ACCAGTAGTGGTTTCA-1,1
ACCAGTAGTTGACGTT-1,5
ACCAGTAGTTGTACAC-1,3
ACCAGTATCCGTACAA-1,3
ACCAGTATCCTCAATT-1,1
ACCAGTATCGCCTGAG-1,4
ACCAGTATCGCGTAGC-1,8
ACCAGTATCTCATTCA-1,7
ACCCACTAGCAATATG-1,3
ACCCACTAGCGCCTCA-1,6
ACCCACTAGCTAGTGG-1,1
ACCCACTAGGTGATAT-1,2
ACCCACTAGTGGACGT-1,3
ACCCACTCATAAGACA-1,3
ACCCACTGTAAGTAGT-1,5
ACCCACTGTAGGCTGA-1,1
ACCCACTTCAGTCAGT-1,1
ACCCACTTCGAGAGCA-1,5
ACCCACTTCGGAGCAA-1,1
ACCCACTTCGGCTTGG-1,1
ACCCACTTCTACTATC-1,3
ACCCACTTCTGTACGA-1,4
ACCGTAAAGATAGGAG-1,2
ACCGTAACAGGACCCT-1,3
ACCGTAAGTGGTCTCG-1,2
ACCGTAAGTTAAGACA-1,1
ACCGTAATCACATACG-1,7
ACCTTTAAGCAGCGTA-1,2
ACCTTTAAGTATTGGA-1,1
ACCTTTACAATTGCTG-1,4
ACCTTTACACATTAGC-1,3
ACCTTTACACCGTTGG-1,3
ACCTTTACATGGTCAT-1,6
ACCTTTACATGTTGAC-1,1
ACCTTTATCTCTTATG-1,4
ACGAGCCAGAGTACCG-1,3
ACGAGCCAGGGTCTCC-1,5
ACGAGCCAGTCGATAA-1,5
ACGAGCCCAGGGTTAG-1,1
ACGAGCCCATGAACCT-1,1
ACGAGCCCATTGAGCT-1,1
ACGAGCCGTTGGTAAA-1,1
ACGAGCCTCCTCAACC-1,3
ACGAGCCTCGGAGCAA-1,1
ACGAGCCTCTCTGAGA-1,2
ACGAGCCTCTGTTTGT-1,4
ACGAGGAAGAATGTTG-1,8
ACGAGGAAGCAATATG-1,1
ACGAGGAAGCACACAG-1,2
ACGAGGAAGCTAACTC-1,4
ACGAGGAAGTGGTAGC-1,3
ACGAGGACAAAGGAAG-1,6
ACGAGGACATCAGTCA-1,3
ACGAGGACATTCGACA-1,4
ACGAGGATCTACTATC-1,5
ACGATACAGAATGTTG-1,2
ACGATACAGCCCAGCT-1,7
ACGATACAGGAACTGC-1,1
ACGATACCAATTCCTT-1,3
ACGATACCAGATGAGC-1,2
ACGATACCATGCCTAA-1,2
ACGATACGTCGGCATC-1,1
ACGATACGTTAAGAAC-1,1
ACGATACTCGTAGGTT-1,6
ACGATGTAGAGACTAT-1,2
ACGATGTAGATCTGCT-1,5
ACGATGTAGTCCAGGA-1,8
ACGATGTGTCATCGGC-1,2
ACGCAGCAGTGACATA-1,1
ACGCAGCCACCTTGTC-1,2
ACGCAGCCATAAAGGT-1,7
ACGCAGCGTGTGGCTC-1,1
ACGCAGCGTTTACTCT-1,3
ACGCAGCTCTACTATC-1,1
ACGCAGCTCTCGAGTA-1,4
ACGCCAGAGAATAGGG-1,3
ACGCCAGAGAGACGAA-1,5
ACGCCAGAGGGTATCG-1,7
ACGCCAGAGTACGTAA-1,5
ACGCCAGGTACTCTCC-1,3
ACGCCAGGTGAACCTT-1,3
ACGCCAGTCAAGCCTA-1,7
ACGCCGAAGATTACCC-1,7
ACGCCGAAGTCGTACT-1,4
ACGCCGAGTCATATCG-1,5
ACGCCGAGTGCTAGCC-1,4
ACGCCGATCAGGATCT-1,2
ACGCCGATCTTAACCT-1,3
ACGGAGAGTCACAAGG-1,1
ACGGAGAGTCGAGTTT-1,8
ACGGAGATCGTGACAT-1,6
ACGGCCAAGAGATGAG-1,1
ACGGCCAAGCGACGTA-1,3
ACGGCCAAGCGATGAC-1,6
ACGGCCAAGGAGTAGA-1,4
ACGGCCAAGTACGTAA-1,2
ACGGCCAAGTGACTCT-1,8
ACGGCCACAGGGTTAG-1,1
ACGGCCAGTCTCATCC-1,4
ACGGCCAGTTAAAGAC-1,5
ACGGCCATCCTTTACA-1,2
ACGGCCATCTTGTACT-1,4
ACGGGCTAGTTCGATC-1,2
ACGGGCTCACGGTTTA-1,4
ACGGGCTCATGATCCA-1,2
ACGGGCTGTAAACACA-1,4
ACGGGCTGTACAGACG-1,2
ACGGGCTGTCATACTG-1,1
ACGGGCTGTCTTCTCG-1,2
ACGGGCTGTGTTGAGG-1,3
ACGGGCTGTTATGCGT-1,1
ACGGGCTGTTGACGTT-1,4
ACGGGCTTCCACGTGG-1,2
ACGGGTCAGCTACCTA-1,3
ACGGGTCCAGGGAGAG-1,5
ACGGGTCGTATCACCA-1,1
ACGGGTCGTCGACTGC-1,2
ACGGGTCGTGCACCAC-1,1
ACGGGTCGTGCTCTTC-1,1
ACGGGTCGTGGTCCGT-1,2
ACGGGTCGTTACAGAA-1,2
ACGGGTCTCACTCCTG-1,1
ACGGGTCTCCGCTGTT-1,3
ACGGGTCTCGCTGATA-1,4
ACGTCAAAGACGCTTT-1,4
ACGTCAAAGACTTGAA-1,4
ACGTCAAAGGCCCTCA-1,2
ACGTCAAAGGGTCTCC-1,2
ACGTCAAGTAAGAGAG-1,5
ACGTCAAGTATGGTTC-1,1
ACGTCAAGTCTAGGTT-1,2
ACGTCAAGTTCAGCGC-1,1
ACGTCAATCTGGCGAC-1,4
ACTATCTAGTCTCAAC-1,3
ACTATCTAGTTATCGC-1,3
ACTATCTGTATATCCG-1,7
ACTATCTGTTAAGAAC-1,4
ACTATCTGTTATCACG-1,2
ACTATCTTCACAGGCC-1,2
ACTATCTTCCGTACAA-1,2
ACTATCTTCGCCATAA-1,1
ACTATCTTCTACGAGT-1,1
ACTGAACAGCGTTGCC-1,1
ACTGAACCAAGCCGTC-1,2
ACTGAACCAGCCAATT-1,3
ACTGAACCAGGCAGTA-1,1
ACTGAACGTAGCTTGT-1,8
ACTGAACGTTTGTGTG-1,3
ACTGAACTCGTTTGCC-1,1
ACTGAACTCTGGCGTG-1,8
ACTGAACTCTTTAGTC-1,7
ACTGAGTAGAATTCCC-1,5
ACTGAGTAGTTGTAGA-1,1
ACTGAGTCAACACGCC-1,1
ACTGAGTCAGCGAACA-1,6
ACTGAGTCATCCCATC-1,7
ACTGAGTCATGATCCA-1,3
ACTGAGTGTAGCTAAA-1,1
ACTGAGTGTCATACTG-1,5
ACTGAGTGTCCTAGCG-1,1
ACTGAGTGTGACCAAG-1,2
ACTGAGTGTGAGTGAC-1,3
ACTGAGTGTTGATTGC-1,5
ACTGAGTTCCGGGTGT-1,4
ACTGAGTTCGAATCCA-1,5
ACTGAGTTCGCCAGCA-1,2
ACTGATGAGGTAAACT-1,2
ACTGATGCAAGAAAGG-1,2
ACTGATGCAAGTTAAG-1,8
ACTGATGCAATACGCT-1,1
ACTGATGCACCTGGTG-1,1
ACTGATGCACGTTGGC-1,3
ACTGATGCAGTCCTTC-1,2
ACTGATGCATGGGACA-1,1
ACTGATGCATTCCTGC-1,2
ACTGATGGTCAGCTAT-1,1
ACTGATGTCAGTACGT-1,1
ACTGATGTCGGTCTAA-1,4
ACTGATGTCTTGGGTA-1,6
ACTGCTCAGCCAGTAG-1,3
ACTGCTCAGGGTATCG-1,2
ACTGCTCAGTATCGAA-1,4
ACTGCTCCAATGAATG-1,6
ACTGCTCCAGGGTACA-1,5
ACTGCTCGTCTGATTG-1,2
ACTGCTCTCCTCAATT-1,1
ACTGCTCTCCTCATTA-1,5
ACTGCTCTCGGCTACG-1,5
ACTGCTCTCTTGTCAT-1,5
ACTGTCCAGCCACGTC-1,3
ACTGTCCAGCTCCTTC-1,1
ACTGTCCAGCTGAAAT-1,1
ACTGTCCAGTGGGATC-1,1
ACTGTCCCACGAGGTA-1,2
ACTGTCCCAGCCTGTG-1,2
ACTGTCCCATGTAGTC-1,5
ACTGTCCCATGTCGAT-1,3
ACTGTCCCATTCCTGC-1,4
ACTGTCCGTATGGTTC-1,2
ACTGTCCGTTAAGTAG-1,7
ACTGTCCTCACAGGCC-1,1
ACTTACTAGATCCTGT-1,3
ACTTACTAGCTATGCT-1,5
ACTTACTAGTCCCACG-1,1
ACTTACTCAAGCCGCT-1,1
ACTTACTCACTGCCAG-1,2
ACTTACTCAGTACACT-1,1
ACTTACTCATTTGCTT-1,3
ACTTACTGTTGCGTTA-1,5
ACTTACTTCAGTTCGA-1,5
ACTTGTTAGGGTGTGT-1,5
ACTTGTTCAACTGGCC-1,3
ACTTGTTCACCGGAAA-1,2
ACTTGTTGTCCGAGTC-1,1
ACTTGTTGTGACCAAG-1,1
ACTTGTTGTGACGCCT-1,1
ACTTGTTGTGTCCTCT-1,1
ACTTGTTTCATGTCTT-1,4
ACTTGTTTCCCGACTT-1,2
ACTTGTTTCGAACTGT-1,2
ACTTGTTTCGGCTACG-1,1
ACTTGTTTCTGGAGCC-1,1
ACTTGTTTCTTAGAGC-1,1
ACTTTCAAGCTAGTCT-1,1
ACTTTCAAGTGCGATG-1,4
ACTTTCACAAGCTGAG-1,3
ACTTTCACACATGTGT-1,4
ACTTTCACATCCCACT-1,3
ACTTTCAGTCGCTTCT-1,3
ACTTTCATCACAACGT-1,2
ACTTTCATCCACGACG-1,1
ACTTTCATCTCGTTTA-1,4
ACTTTCATCTGCGACG-1,2
AGAATAGAGACAAGCC-1,3
AGAATAGAGACCTTTG-1,4
AGAATAGCAAGCGAGT-1,2
AGAATAGCAGTGGGAT-1,8
AGAATAGCATTATCTC-1,8
AGAATAGGTGACCAAG-1,1
AGAATAGGTGGTCTCG-1,6
AGAATAGTCCAGATCA-1,8
AGAATAGTCCTATTCA-1,7
AGAATAGTCTGGCGAC-1,3
AGACGTTAGACCACGA-1,8
AGACGTTCATAGAAAC-1,4
AGACGTTGTGAAATCA-1,1
AGACGTTGTGACCAAG-1,1
AGACGTTGTTCCTCCA-1,5
AGACGTTTCTGGTATG-1,1
AGAGCGAAGTGTTAGA-1,1
AGAGCGACACAGACTT-1,6
AGAGCGACACGTCTCT-1,2
AGAGCGACACTTAACG-1,8
AGAGCGAGTTCCACTC-1,1
AGAGCGATCCGCAGTG-1,5
AGAGCTTAGACTGGGT-1,3
AGAGCTTAGAGCCCAA-1,2
AGAGCTTCACATGACT-1,5
AGAGCTTGTCAGAGGT-1,4
AGAGCTTGTCCGAATT-1,4
AGAGCTTGTCGCTTCT-1,6
AGAGCTTGTCTGATTG-1,1
AGAGCTTGTTGAGTTC-1,3
AGAGCTTTCAGTCAGT-1,8
AGAGTGGAGAGGGCTT-1,2
AGAGTGGAGTACGATA-1,8
AGAGTGGTCGGTCCGA-1,2
AGATCTGAGAGATGAG-1,2
AGATCTGAGGATCGCA-1,1
AGATCTGAGTCGAGTG-1,4
AGATCTGCAAAGCGGT-1,1
AGATCTGCACCAACCG-1,5
AGATCTGCAGGACGTA-1,2
AGATCTGCATCAGTAC-1,1
AGATCTGGTATGAATG-1,3
AGATCTGGTCCTGCTT-1,2
AGATCTGGTGTTCGAT-1,2
AGATCTGGTTATCCGA-1,5
AGATCTGTCTGCGTAA-1,7
AGATTGCAGCAATCTC-1,1
AGATTGCCATCGTCGG-1,3
AGATTGCGTCAACATC-1,2
AGATTGCGTTAAGAAC-1,5
AGATTGCTCAACGCTA-1,2
AGCAGCCAGATGTCGG-1,7
AGCAGCCAGCATGGCA-1,7
AGCAGCCCAGACACTT-1,6
AGCAGCCCAGATAATG-1,1
AGCAGCCGTTCAGTAC-1,3
AGCAGCCTCAATCACG-1,2
AGCAGCCTCAGAGCTT-1,1
AGCAGCCTCGAATCCA-1,8
AGCAGCCTCTGTACGA-1,1
AGCATACAGAAGAAGC-1,1
AGCATACCAAGCCATT-1,4
AGCATACCACAGGAGT-1,2
AGCATACTCCTCTAGC-1,7
AGCATACTCGGATGTT-1,4
AGCATACTCTTGCAAG-1,7
AGCCTAAAGGGAGTAA-1,1
AGCCTAACAAGGACAC-1,1
AGCCTAACAATGTAAG-1,1
AGCCTAACATCCTTGC-1,2
AGCCTAAGTAGAAGGA-1,2
AGCCTAAGTAGCGCAA-1,1
AGCCTAAGTCCGAACC-1,4
AGCCTAAGTTTGGGCC-1,2
AGCCTAATCATTCACT-1,7
AGCCTAATCTCGATGA-1,5
AGCGGTCAGAGTAATC-1,8
AGCGGTCAGATCACGG-1,1
AGCGGTCAGATCGGGT-1,1
AGCGGTCAGCTCCCAG-1,2
AGCGGTCAGTCCGGTC-1,8
AGCGGTCCAATGTTGC-1,2
AGCGGTCCATGTTGAC-1,1
AGCGGTCTCCCTTGCA-1,3
AGCGGTCTCCGAATGT-1,2
AGCGTATAGATACACA-1,8
AGCGTATCACGAGAGT-1,8
AGCGTATCAGGCTGAA-1,1
AGCGTATGTGTAACGG-1,1
AGCGTATTCTACTTAC-1,2
AGCGTCGAGACCGGAT-1,6
AGCGTCGAGATCCCAT-1,8
AGCGTCGAGTGAAGTT-1,1
AGCGTCGCACGGTGTC-1,5
AGCGTCGCACTCGACG-1,4
AGCGTCGCACTGTCGG-1,2
AGCGTCGCAGCAGTTT-1,4
AGCGTCGCAGTCAGAG-1,3
AGCGTCGGTGCGAAAC-1,4
AGCGTCGGTGTCAATC-1,2
AGCGTCGGTGTTCGAT-1,7
AGCGTCGGTTTCCACC-1,8
AGCTCCTAGATGCCTT-1,1
AGCTCCTAGCTAGTTC-1,1
AGCTCCTCACATGACT-1,5
AGCTCCTGTATAAACG-1,3
AGCTCCTTCTGCGGCA-1,4
AGCTCCTTCTTACCGC-1,4
AGCTCTCAGAGTCTGG-1,1
AGCTCTCAGATGCCAG-1,1
AGCTCTCAGCACCGCT-1,2
AGCTCTCAGGCTCATT-1,3
AGCTCTCAGTGACTCT-1,3
AGCTCTCAGTTACGGG-1,5
AGCTCTCCAATGTAAG-1,1
AGCTCTCCAGCTTCGG-1,8
AGCTCTCCATGGTCTA-1,2
AGCTCTCGTTGATTGC-1,3
AGCTCTCTCACATACG-1,4
AGCTCTCTCACCGTAA-1,5
AGCTCTCTCCAGAGGA-1,5
AGCTTGAAGCAATATG-1,7
AGCTTGAAGCCCAACC-1,6
AGCTTGAAGGTGCTTT-1,1
AGCTTGACAGGGTTAG-1,1
AGCTTGAGTAGGGTAC-1,2
AGCTTGAGTGACAAAT-1,1
AGCTTGAGTTAAGAAC-1,1
AGCTTGATCACTTATC-1,1
AGCTTGATCTTTAGTC-1,4
AGGCCACAGCTTATCG-1,1
AGGCCACAGGGTGTTG-1,2
AGGCCACAGTGTCCCG-1,5
AGGCCACCACCGAATT-1,4
AGGCCACGTAGAGCTG-1,4
AGGCCACGTGATAAGT-1,2
AGGCCACGTTCGTCTC-1,3
AGGCCACGTTTACTCT-1,2
AGGCCGTAGAACTGTA-1,5
AGGCCGTAGACTACAA-1,1
AGGCCGTAGCTCCTTC-1,7
AGGCCGTAGCTGGAAC-1,5
AGGCCGTAGGAATTAC-1,2
AGGCCGTCACATTAGC-1,5
AGGCCGTCAGCGTAAG-1,2
AGGCCGTGTACCATCA-1,1
AGGCCGTGTCTTGCGG-1,5
AGGCCGTTCGGCATCG-1,5
AGGGAGTCACATGACT-1,1
AGGGAGTCACGGTGTC-1,3
AGGGAGTGTCTTCTCG-1,2
AGGGAGTTCAAGCCTA-1,5
AGGGATGCAAGTAGTA-1,7
AGGGATGCAGCATACT-1,1
AGGGATGGTTTGACAC-1,3
AGGGATGGTTTGCATG-1,1
AGGGTGAGTGTATGGG-1,3
AGGGTGATCCCAACGG-1,4
AGGGTGATCGCCTGTT-1,1
AGGTCATAGCTAAGAT-1,5
AGGTCATCAATGGAAT-1,1
AGGTCATCACACCGAC-1,1
AGGTCATCAGCTTCGG-1,2
AGGTCATCATTGGCGC-1,3
AGGTCATGTTACCGAT-1,1
AGGTCATGTTCCACGG-1,1
AGGTCATGTTCGCTAA-1,5
AGGTCATTCACTTACT-1,3
AGGTCATTCCGCGGTA-1,4
AGGTCATTCCTTAATC-1,7
AGGTCCGAGAATTGTG-1,2
AGGTCCGAGAGGTTGC-1,2
AGGTCCGGTGAGGCTA-1,2
AGGTCCGTCCAAGTAC-1,6
AGGTCCGTCCTAAGTG-1,3
AGGTCCGTCGGACAAG-1,2
AGTAGTCAGGTACTCT-1,8
AGTAGTCAGTCCGTAT-1,1
AGTAGTCCACCGAAAG-1,1
AGTAGTCCATGGTTGT-1,2
AGTAGTCGTAACGACG-1,4
AGTAGTCGTAGAGCTG-1,4
AGTAGTCGTTCCCGAG-1,2
AGTAGTCGTTGATTCG-1,1
AGTAGTCTCACCTCGT-1,4
AGTAGTCTCAGGCCCA-1,5
AGTAGTCTCATTTGGG-1,6
AGTAGTCTCCGGCACA-1,2
AGTAGTCTCGTAGATC-1,2
AGTAGTCTCTGCGTAA-1,5
AGTCTTTAGCACAGGT-1,4
AGTCTTTCAAAGTCAA-1,6
AGTCTTTCAAGCTGGA-1,4
AGTCTTTCAGCCAGAA-1,1
AGTCTTTCAGCTCGAC-1,5
AGTCTTTCATGTTGAC-1,4
AGTCTTTCATTGGCGC-1,4
AGTCTTTGTCCATGAT-1,2
AGTCTTTGTCGCTTCT-1,5
AGTCTTTGTGTTTGGT-1,3
AGTCTTTTCCCAACGG-1,4
AGTCTTTTCGGTCTAA-1,1
AGTGAGGAGCCACTAT-1,2
AGTGAGGCAAGTCTAC-1,2
AGTGAGGCATAGACTC-1,1
AGTGAGGCATGGTCTA-1,6
AGTGAGGGTGTCTGAT-1,6
AGTGAGGGTTCCACAA-1,2
AGTGAGGGTTCGGGCT-1,1
AGTGAGGGTTTAAGCC-1,1
AGTGAGGTCTCGGACG-1,2
AGTGAGGTCTGTACGA-1,3
AGTGAGGTCTTTACGT-1,3
AGTGGGAAGACCCACC-1,2
AGTGGGACACTTCTGC-1,4
AGTGGGACAGCTTCGG-1,1
AGTGGGAGTACAGACG-1,5
AGTGGGAGTAGCGTGA-1,2
AGTGGGAGTAGCTAAA-1,5
AGTGGGAGTCAGAAGC-1,3
AGTGGGAGTGCCTGTG-1,4
AGTGGGAGTGCCTTGG-1,1
AGTGGGATCACTTACT-1,1
AGTGGGATCATCACCC-1,5
AGTGGGATCTTAACCT-1,7
AGTGTCAAGGGTGTTG-1,7
AGTGTCACAGACGTAG-1,2
AGTGTCACAGCTGCTG-1,2
AGTGTCAGTGCAGTAG-1,1
AGTGTCAGTTACGACT-1,1
AGTGTCATCATAACCG-1,5
AGTGTCATCCGCGGTA-1,4
AGTTGGTAGGACATTA-1,1
AGTTGGTGTACCGGCT-1,3
AGTTGGTGTCTAAACC-1,5
AGTTGGTGTGCCTTGG-1,4
AGTTGGTGTGGTACAG-1,4
AGTTGGTTCCTAGAAC-1,1
AGTTGGTTCGCGATCG-1,8
AGTTGGTTCTGCGGCA-1,3
ATAACGCAGGTGACCA-1,5
ATAACGCAGTGTCCAT-1,8
ATAACGCCACAGGCCT-1,2
ATAACGCGTAAGTTCC-1,2
ATAACGCGTCAGATAA-1,2
ATAACGCGTTCGAATC-1,2
ATAACGCTCCTGTAGA-1,7
ATAACGCTCTACGAGT-1,1
ATAACGCTCTTGTTTG-1,4
ATAAGAGCACCCAGTG-1,4
ATAAGAGCATCGGGTC-1,4
ATAAGAGGTTCACCTC-1,7
ATAAGAGTCCGATATG-1,3
ATAAGAGTCGAATGCT-1,4
ATAAGAGTCGCCATAA-1,4
ATAAGAGTCTGCAGTA-1,3
ATAGACCAGTACGCGA-1,5
ATAGACCAGTGGAGAA-1,5
ATAGACCCAAAGAATC-1,3
ATAGACCCAGCTGTTA-1,1
ATAGACCGTAAGGGAA-1,1
ATAGACCGTCAGGACA-1,1
ATAGACCGTGCACCAC-1,2
ATAGACCGTGTCAATC-1,5
ATAGACCGTGTGACGA-1,2
ATAGACCTCAATCACG-1,1
ATAGACCTCTCACATT-1,4
ATAGACCTCTCGATGA-1,8
ATCACGAAGAAGCCCA-1,5
ATCACGACAACACCTA-1,3
ATCACGACATCCTTGC-1,5
ATCACGAGTCTGGTCG-1,3
ATCACGATCACCACCT-1,3
ATCACGATCATCGCTC-1,3
ATCACGATCATGTAGC-1,2
ATCACGATCCAAGCCG-1,4
ATCATCTAGACAAGCC-1,1
ATCATCTAGCGCCTCA-1,5
ATCATCTAGCTCCTCT-1,1
ATCATCTAGGATGGTC-1,8
ATCATCTAGGCACATG-1,2
ATCATCTCAGTAAGCG-1,3
ATCATCTCAGTACACT-1,4
ATCATCTCATCCAACA-1,8
ATCATCTGTGACTACT-1,5
ATCATCTTCGTCCAGG-1,2
ATCATGGAGCTGCGAA-1,5
ATCATGGAGGCAATTA-1,5
ATCATGGAGGCCCTCA-1,5
ATCATGGAGTTGAGAT-1,5
ATCATGGCAAATCCGT-1,1
ATCATGGCAATGAATG-1,5
ATCATGGCAGCCAATT-1,7
ATCATGGCAGGGTACA-1,5
ATCATGGGTAACGTTC-1,3
ATCATGGGTCAATACC-1,5
ATCCACCAGAGCTGGT-1,1
ATCCACCAGCAGACTG-1,2
ATCCACCAGCGATCCC-1,5
ATCCACCAGCGTTTAC-1,1
ATCCACCAGGAGCGTT-1,3
ATCCACCAGTCACGCC-1,1
ATCCACCCAACGCACC-1,2
ATCCACCCAACTGGCC-1,3
ATCCACCCAAGCGCTC-1,3
ATCCACCCAAGTCTGT-1,1
ATCCACCCACAGTCGC-1,1
ATCCACCCAGGGTTAG-1,3
ATCCACCCATTACGAC-1,2
ATCCACCGTATCAGTC-1,1
ATCCACCTCTAACGGT-1,1
ATCCGAAAGTTTAGGA-1,1
ATCCGAACACACTGCG-1,5
ATCCGAACAGTTCCCT-1,1
ATCCGAAGTAACGCGA-1,4
ATCCGAAGTACTCAAC-1,1
ATCCGAAGTCTTGATG-1,5
ATCCGAAGTGACTCAT-1,1
ATCCGAATCCTTGCCA-1,1
ATCCGAATCGGAATCT-1,1
ATCGAGTAGCCAGAAC-1,1
ATCGAGTAGCCCAATT-1,5
ATCGAGTAGCTCTCGG-1,8
ATCGAGTCAAAGGTGC-1,2
ATCGAGTCAACAACCT-1,8
ATCGAGTCAGGTCCAC-1,3
ATCGAGTCATCACAAC-1,1
ATCGAGTCATCCTAGA-1,8
ATCGAGTGTACAGCAG-1,3
ATCGAGTGTCGTGGCT-1,3
ATCGAGTGTGATGTGG-1,2
ATCGAGTGTGCAGTAG-1,5
ATCGAGTGTTCAGTAC-1,2
ATCGAGTGTTTAAGCC-1,1
ATCGAGTTCATTTGGG-1,1
ATCGAGTTCCGCATAA-1,2
ATCGAGTTCGCAAGCC-1,3
ATCTACTAGAGCTTCT-1,2
ATCTACTCAAACGCGA-1,3
ATCTACTGTTGGTAAA-1,1
ATCTACTGTTTAGCTG-1,4
ATCTACTTCCCATTTA-1,4
ATCTACTTCGTTTATC-1,1
ATCTACTTCTATCCCG-1,5
ATCTACTTCTGAGTGT-1,7
ATCTACTTCTGGTTCC-1,6
ATCTGCCAGACAAAGG-1,4
ATCTGCCAGTGTACCT-1,2
ATCTGCCAGTTGTAGA-1,1
ATCTGCCCACCAGATT-1,5
ATCTGCCCACCAGTTA-1,1
ATCTGCCGTACTTGAC-1,3
ATCTGCCTCAACACCA-1,1
ATGAGGGAGAAGGTGA-1,8
ATGAGGGAGCGTGTCC-1,2
ATGAGGGCAGACGTAG-1,6
ATGAGGGCATATGGTC-1,1
ATGAGGGCATGCAACT-1,1
ATGAGGGTCAAACCGT-1,1
ATGAGGGTCCCAAGTA-1,4
ATGAGGGTCGTCGTTC-1,3
ATGCGATAGCTAGTGG-1,6
ATGCGATAGGCGATAC-1,4
ATGCGATAGGCTAGCA-1,1
ATGCGATGTACATGTC-1,6
ATGCGATTCAGGATCT-1,3
ATGGGAGAGAGTCGGT-1,2
ATGGGAGAGCACACAG-1,1
ATGGGAGAGTCCCACG-1,2
ATGGGAGCAGCTCGCA-1,7
ATGGGAGCAGTACACT-1,1
ATGGGAGCATCAGTCA-1,3
ATGGGAGGTAAACCTC-1,5
ATGGGAGGTAGCGTGA-1,5
ATGGGAGGTCTTGATG-1,4
ATGGGAGTCAACTCTT-1,3
ATGGGAGTCGACAGCC-1,1
ATGTGTGAGAGGGATA-1,1
ATGTGTGAGAGTCTGG-1,3
ATGTGTGAGCACCGTC-1,7
ATGTGTGAGCCCTAAT-1,1
ATGTGTGAGGGCATGT-1,8
ATGTGTGCATGCAACT-1,3
ATGTGTGGTCCCTACT-1,2
ATGTGTGGTCTTCAAG-1,1
ATGTGTGGTGCACTTA-1,3
ATGTGTGTCAGGTAAA-1,1
ATGTGTGTCTCTGCTG-1,3
ATTACTCAGAGGGATA-1,3
ATTACTCAGCCACGCT-1,2
ATTACTCAGTGATCGG-1,3
ATTACTCCACAAGTAA-1,1
ATTACTCGTACTCAAC-1,3
ATTACTCGTGAACCTT-1,4
ATTACTCTCGGCCGAT-1,2
ATTATCCAGAGGGCTT-1,1
ATTATCCAGGGTCTCC-1,3
ATTATCCCAATAGCAA-1,1
ATTATCCCAGTATAAG-1,1
ATTATCCGTAAATGAC-1,1
ATTATCCGTCTCTCGT-1,5
ATTATCCTCGGATGTT-1,5
ATTCTACCAAGTAGTA-1,3
ATTCTACGTCGAGTTT-1,5
ATTCTACGTTCGCGAC-1,2
ATTCTACTCATCGCTC-1,4
ATTGGACAGAGTACAT-1,4
ATTGGACAGCACCGTC-1,4
ATTGGACAGCGTTCCG-1,3
ATTGGACAGTACGTAA-1,2
ATTGGACAGTGACATA-1,4
ATTGGACCATCGGGTC-1,2
ATTGGACGTCGACTAT-1,1
ATTGGACGTCTGCGGT-1,5
ATTGGACGTCTTCGTC-1,2
ATTGGACGTTCACGGC-1,5
ATTGGACTCCTCATTA-1,2
ATTGGACTCCTGTACC-1,6
ATTGGACTCGAATGCT-1,1
ATTGGACTCTTCAACT-1,2
ATTGGACTCTTGTACT-1,3
ATTGGTGAGGAATTAC-1,1
ATTGGTGCATCAGTAC-1,3
ATTGGTGGTCCGTCAG-1,2
ATTGGTGGTCGCTTTC-1,1
ATTGGTGGTCTTGTCC-1,2
ATTGGTGGTTACGACT-1,1
ATTGGTGTCGTTGACA-1,2
ATTTCTGAGTCATGCT-1,1
ATTTCTGCAAGAGTCG-1,5
ATTTCTGGTGACAAAT-1,1
ATTTCTGTCACCTTAT-1,3
ATTTCTGTCTGGGCCA-1,8
CAACCAAAGCGTAGTG-1,2
CAACCAAAGTTACGGG-1,6
CAACCAACACAGACAG-1,8
CAACCAACAGGGTTAG-1,8
CAACCAAGTAAGAGGA-1,2
CAACCAATCTCGCATC-1,1
CAACCTCAGATAGGAG-1,2
CAACCTCGTAGGCATG-1,4
CAACCTCTCAACACGT-1,6
CAACCTCTCTGCTGTC-1,5
CAACTAGAGAAACCAT-1,3
CAACTAGAGGTGCAAC-1,5
CAACTAGAGTGTGAAT-1,5
CAACTAGCAACTGCGC-1,1
CAACTAGCACACCGAC-1,7
CAACTAGGTAGCTTGT-1,1
CAACTAGGTGCACTTA-1,2
CAACTAGGTTAAAGTG-1,1
CAACTAGTCAGCATGT-1,3
CAACTAGTCAGTTAGC-1,4
CAACTAGTCCTCTAGC-1,1
CAAGAAAAGACTAGAT-1,7
CAAGAAAAGCTGCGAA-1,1
CAAGAAAAGGCTAGGT-1,4
CAAGAAACACAGTCGC-1,7
CAAGAAACAGCTATTG-1,3
CAAGAAACAGTCGATT-1,6
CAAGAAATCCAGAAGG-1,4
CAAGAAATCCGCTGTT-1,1
CAAGAAATCGAACGGA-1,2
CAAGAAATCTCTAAGG-1,2
CAAGATCAGATACACA-1,3
CAAGATCCACATAACC-1,5
CAAGATCCAGCTTCGG-1,5
CAAGATCCATGGATGG-1,2
CAAGATCGTAAATGTG-1,8
CAAGATCGTCGAACAG-1,4
CAAGATCGTCGCATAT-1,8
CAAGATCTCACCTCGT-1,1
CAAGATCTCATCGGAT-1,2
CAAGGCCAGACGACGT-1,1
CAAGGCCAGAGCTATA-1,2
CAAGGCCAGCGATAGC-1,4
CAAGGCCAGCGTTCCG-1,2
CAAGGCCCACCTTGTC-1,6
CAAGGCCCAGGGATTG-1,4
CAAGGCCGTATCAGTC-1,5
CAAGGCCGTCGCATAT-1,1
CAAGGCCGTCGCTTTC-1,1
CAAGGCCGTGAACCTT-1,3
CAAGGCCTCCGTAGGC-1,2
CAAGGCCTCTCGCTTG-1,6
CAAGTTGAGATCCTGT-1,7
CAAGTTGCAAGCGAGT-1,1
CAAGTTGCAATCTGCA-1,1
CAAGTTGCATACTCTT-1,1
CAAGTTGCATCAGTCA-1,4
CAAGTTGGTCAGATAA-1,1
CAAGTTGGTTCTGAAC-1,4
CAAGTTGTCACGCATA-1,3
CAAGTTGTCCGCGTTT-1,8
CAAGTTGTCTATGTGG-1,4
CAAGTTGTCTGCTTGC-1,1
CACAAACAGACTGGGT-1,2
CACAAACAGCCAGGAT-1,6
CACAAACAGTGTGGCA-1,5
CACAAACGTAGATTAG-1,8
CACAAACGTCAAAGAT-1,6
CACAAACGTGCTTCTC-1,2
CACAAACTCCGCATAA-1,1
CACAAACTCCGTAGGC-1,1
CACAAACTCGGTGTTA-1,4
CACAAACTCTTAACCT-1,4
CACACAAAGCAAATCA-1,5
CACACAAAGCGTAGTG-1,1
CACACAAAGTGAATTG-1,8
CACACAAAGTTATCGC-1,1
CACACAACAGCTCCGA-1,4
CACACAACAGTCTTCC-1,1
CACACAAGTACATGTC-1,1
CACACAAGTGAGTGAC-1,7
CACACAAGTTCAGCGC-1,1
CACACAATCAATAAGG-1,1
CACACAATCCTGTACC-1,2
CACACCTAGATCTGAA-1,1
CACACCTAGTGAACGC-1,7
CACACCTCAGACGTAG-1,3
CACACCTGTATCGCAT-1,1
CACACCTGTGCCTGGT-1,4
CACACCTGTTAGAACA-1,6
CACACCTTCGAATCCA-1,7
CACACCTTCGGTCTAA-1,4
CACACTCAGAAGAAGC-1,5
CACACTCCACCCATGG-1,1
CACACTCCAGACAAGC-1,4
CACACTCCAGTAACGG-1,3
CACACTCGTACAGTTC-1,3
CACACTCGTACGACCC-1,5
CACAGGCAGAAACCGC-1,8
CACAGGCAGCTCAACT-1,1
CACAGGCAGTGGCACA-1,2
CACAGGCCAAGCGCTC-1,2
CACAGGCCACGAAAGC-1,3
CACAGGCGTGATGTCT-1,7
CACAGGCGTGGTACAG-1,8
CACAGGCTCAATACCG-1,2
CACAGGCTCACGGTTA-1,5
CACAGTAAGAGGTTAT-1,1
CACAGTAAGGATCGCA-1,3
CACAGTACATACGCTA-1,1
CACAGTAGTATCACCA-1,1
CACAGTAGTCTGCCAG-1,2
CACAGTAGTCTGGTCG-1,3
CACAGTAGTTCGTCTC-1,4
CACAGTATCTCTTGAT-1,4
CACATAGAGACACTAA-1,4
CACATAGCAAGACGTG-1,4
CACATAGCAAGGACTG-1,5
CACATAGCACCTGGTG-1,1
CACATAGCATAGAAAC-1,8
CACATAGCATGAACCT-1,2
CACATAGGTCATCGGC-1,1
CACATAGGTGAAGGCT-1,1
CACATAGGTGCGCTTG-1,1
CACATAGGTTTGGGCC-1,8
CACATAGTCATGTGGT-1,4
CACATAGTCTCGCATC-1,7
CACATTTCAACACCTA-1,2
CACATTTCAGCTTAAC-1,1
CACATTTCATCACCCT-1,2
CACATTTGTACCGTAT-1,5
CACATTTGTAGCTCCG-1,4
CACATTTTCAAGGCTT-1,1
CACATTTTCCAAACAC-1,3
CACATTTTCCACGTGG-1,5
CACATTTTCCGTTGCT-1,1
CACCACTCACGTTGGC-1,3
CACCACTGTTCAGCGC-1,2
CACCACTTCACAGGCC-1,1
CACCACTTCATCGGAT-1,5
CACCACTTCCGATATG-1,1
CACCACTTCTGCAAGT-1,3
CACCAGGCAATCGAAA-1,2
CACCAGGCATGGATGG-1,3
CACCAGGGTATTCTCT-1,7
CACCAGGGTGACAAAT-1,1
CACCAGGTCAAGAAGT-1,1
CACCAGGTCGAGGTAG-1,1
CACCAGGTCGGACAAG-1,5
CACCAGGTCTTCGAGA-1,1
CACCTTGAGCAGATCG-1,1
CACCTTGCAACTGGCC-1,3
CACCTTGCAATGAATG-1,1
CACCTTGCACAGCCCA-1,2
CACCTTGGTATTCGTG-1,1
CACCTTGGTCGAACAG-1,2
CACCTTGGTGGTCCGT-1,1
CACCTTGTCGTGGTCG-1,1
CACCTTGTCTCCTATA-1,3
CACTCCAAGAACAATC-1,4
CACTCCACAGTGAGTG-1,3
CACTCCAGTAACGCGA-1,1
CACTCCAGTCTCGTTC-1,3
CACTCCATCGGCCGAT-1,1
CACTCCATCGTGACAT-1,1
CACTCCATCTGAAAGA-1,2
CAGAATCAGAGACTAT-1,1
CAGAATCAGATGTGGC-1,5
CAGAATCAGCGACGTA-1,2
CAGAATCCAATGAAAC-1,3
CAGAATCCATCTCGCT-1,3
CAGAATCCATTAGGCT-1,4
CAGAATCCATTGAGCT-1,6
CAGAATCGTAATTGGA-1,6
CAGAATCGTCTAGAGG-1,5
CAGAATCTCCAACCAA-1,1
CAGAATCTCTCTGAGA-1,3
CAGAGAGAGAGTTGGC-1,1
CAGAGAGAGCTAAACA-1,6
CAGAGAGAGGTCGGAT-1,1
CAGAGAGAGTCCATAC-1,6
CAGAGAGAGTGCCAGA-1,2
CAGAGAGAGTTATCGC-1,5
CAGAGAGCACATGGGA-1,3
CAGAGAGCAGTAGAGC-1,3
CAGAGAGCAGTGGAGT-1,1
CAGAGAGGTAAACCTC-1,4
CAGAGAGGTGAGGGAG-1,3
CAGAGAGGTTCGTGAT-1,8
CAGAGAGTCGAATGCT-1,5
CAGAGAGTCGTCTGCT-1,8
CAGAGAGTCTCCTATA-1,3
CAGATCAAGCAATCTC-1,4
CAGATCAGTAAGTAGT-1,2
CAGATCATCACGCATA-1,1
CAGATCATCAGCACAT-1,1
CAGATCATCATTATCC-1,1
CAGATCATCTGATTCT-1,6
CAGATCATCTTGCAAG-1,1
CAGCAGCAGAAGAAGC-1,3
CAGCAGCAGAATCTCC-1,3
CAGCAGCAGAGTAAGG-1,1
CAGCAGCAGATGCGAC-1,4
CAGCAGCAGGGTGTTG-1,4
CAGCAGCCATAACCTG-1,4
CAGCAGCCATGTCTCC-1,7
CAGCAGCGTATTCGTG-1,1
CAGCAGCGTCGGCTCA-1,5
CAGCAGCGTCTAGCCG-1,1
CAGCAGCGTTTACTCT-1,8
CAGCATAAGACTTGAA-1,7
CAGCATAAGTACGTTC-1,3
CAGCATAAGTCAAGGC-1,1
CAGCATAAGTTGAGTA-1,4
CAGCATACAAGTTAAG-1,4
CAGCATAGTTAGATGA-1,3
CAGCATATCATTGCGA-1,3
CAGCATATCCCTGACT-1,3
CAGCATATCGTTGCCT-1,5
CAGCCGAAGATCCCGC-1,3
CAGCCGAAGCGTAATA-1,8
CAGCCGAAGGTAGCTG-1,1
CAGCCGACACAGCGTC-1,5
CAGCCGACAGATTGCT-1,3
CAGCCGACAGTCGATT-1,3
CAGCCGACATGCGCAC-1,4
CAGCCGATCAATACCG-1,1
CAGCCGATCGCATGAT-1,1
CAGCCGATCGCTTGTC-1,1
CAGCCGATCTGTCTCG-1,1
CAGCGACAGAGTGACC-1,2
CAGCGACAGCATCATC-1,1
CAGCGACAGCTAGGCA-1,4
CAGCGACAGTGACTCT-1,4
CAGCGACCAAGCGAGT-1,2
CAGCGACCACACAGAG-1,1
CAGCGACCACCGTTGG-1,5
CAGCGACGTCTCCATC-1,3
CAGCGACGTGCCTTGG-1,1
CAGCGACGTGTGAAAT-1,1
CAGCGACGTGTGCCTG-1,2
CAGCGACGTTCTGGTA-1,8
CAGCGACGTTGTACAC-1,3
CAGCTAAAGATGCCTT-1,1
CAGCTAAAGCGCCTTG-1,1
CAGCTAAAGGCTCATT-1,2
CAGCTAACAAACTGTC-1,1
CAGCTAACAAGCGTAG-1,6
CAGCTAAGTACTTCTT-1,2
CAGCTAAGTCCGACGT-1,4
CAGCTAAGTCTTGATG-1,2
CAGCTAAGTGCTAGCC-1,3
CAGCTAATCCTTAATC-1,8
CAGCTAATCGCTAGCG-1,1
CAGCTGGCAGCTGCAC-1,2
CAGCTGGCAGTCGATT-1,1
CAGCTGGCATTCACTT-1,1
CAGCTGGGTAGTGAAT-1,3
CAGCTGGGTTGCGTTA-1,2
CAGCTGGTCGGCATCG-1,6
CAGCTGGTCTTCTGGC-1,2
CAGGTGCAGATCACGG-1,1
CAGGTGCAGGGTGTGT-1,1
CAGGTGCCAAGCTGTT-1,1
CAGGTGCCACTGTGTA-1,1
CAGGTGCGTAAATGAC-1,4
CAGGTGCGTATTACCG-1,2
CAGGTGCGTCGACTAT-1,6
CAGGTGCGTGGTACAG-1,1
CAGGTGCGTGTGGCTC-1,5
CAGGTGCGTTATTCTC-1,2
CAGTAACAGAGCTGGT-1,1
CAGTAACAGCCAACAG-1,2
CAGTAACAGGCCATAG-1,5
CAGTAACCAAAGGCGT-1,6
CAGTAACCAATGGTCT-1,6
CAGTAACCATGCCACG-1,2
CAGTAACCATGCGCAC-1,2
CAGTAACGTACAGACG-1,2
CAGTAACTCAAAGTAG-1,3
CAGTAACTCAACACTG-1,1
CAGTCCTAGAATTCCC-1,4
CAGTCCTAGATCCCAT-1,1
CAGTCCTAGCTAGCCC-1,3
CAGTCCTCACGAAGCA-1,7
CAGTCCTTCGGCGCAT-1,8
CAGTCCTTCTCACATT-1,1
CATATGGAGCGCCTCA-1,1
CATATGGAGCTCCTTC-1,7
CATATGGAGTACCGGA-1,3
CATATGGAGTAGCCGA-1,2
CATATGGAGTCGATAA-1,1
CATATGGCACAACGCC-1,1
CATATGGCACAGGAGT-1,5
CATATGGGTGGGTATG-1,4
CATATGGGTTCAACCA-1,2
CATATGGGTTTAAGCC-1,6
CATATGGTCAACGCTA-1,8
CATATTCAGTCTTGCA-1,2
CATATTCCAGGTTTCA-1,3
CATATTCGTATGAAAC-1,1
CATATTCGTCATGCCG-1,3
CATATTCGTGCCTTGG-1,6
CATATTCGTGCTTCTC-1,1
CATATTCTCGGAGGTA-1,4
CATATTCTCTCTTGAT-1,3
CATATTCTCTTGCATT-1,1
CATCAAGCAACTGCGC-1,1
CATCAAGCATGCAACT-1,5
CATCAAGGTGCGGTAA-1,3
CATCAAGGTGGCAAAC-1,2
CATCAAGTCACGACTA-1,2
CATCAAGTCCACGTGG-1,1
CATCAAGTCGCCAGCA-1,2
CATCAAGTCTCTGCTG-1,1
CATCAAGTCTTAACCT-1,1
CATCAGAAGAAACGCC-1,4
CATCAGAAGACAATAC-1,1
CATCAGAAGGGTATCG-1,5
CATCAGACACTCGACG-1,4
CATCAGAGTAACGACG-1,1
CATCAGAGTGACTCAT-1,3
CATCAGAGTTGCCTCT-1,3
CATCAGATCCGCGCAA-1,3
CATCAGATCGTCACGG-1,6
CATCCACAGACTAGGC-1,7
CATCCACAGCCCTAAT-1,1
CATCCACAGCGACGTA-1,3
CATCCACAGGCTATCT-1,8
CATCCACAGTTGTCGT-1,2
CATCCACCAAGGACAC-1,1
CATCCACCAAGTTCTG-1,2
CATCCACGTGGAAAGA-1,4
CATCCACGTTCCGGCA-1,1
CATCCACTCCTTAATC-1,1
CATCGAAAGCAGGCTA-1,8
CATCGAAAGCTGTCTA-1,8
CATCGAAAGGGCTTGA-1,2
CATCGAAAGTCATGCT-1,3
CATCGAACAGTAAGAT-1,5
CATCGAACATCAGTCA-1,3
CATCGAAGTAAATGTG-1,1
CATCGAATCAGCTTAG-1,1
CATCGAATCCCACTTG-1,3
CATCGAATCCTTTACA-1,3
CATCGAATCGACAGCC-1,5
CATCGAATCGAGAGCA-1,5
CATCGAATCTGCGGCA-1,7
CATCGGGAGTGAATTG-1,5
CATCGGGCAATACGCT-1,7
CATCGGGCACATGGGA-1,3
CATCGGGCAGACAAAT-1,4
CATCGGGCAGCTCCGA-1,1
CATCGGGCAGTGAGTG-1,7
CATCGGGCATGTCTCC-1,1
CATCGGGCATTATCTC-1,1
CATCGGGTCATCTGTT-1,1
CATCGGGTCATGTCTT-1,3
CATCGGGTCCCGACTT-1,3
CATGACAAGGGATACC-1,5
CATGACACAGATGAGC-1,2
CATGACAGTACCGAGA-1,7
CATGACAGTAGCCTCG-1,7
CATGACAGTCCATGAT-1,7
CATGACAGTGATGCCC-1,1
CATGACATCAACGAAA-1,1
CATGACATCGAGAGCA-1,1
CATGACATCGGATGTT-1,1
CATGCCTAGCATCATC-1,6
CATGCCTAGGTTCCTA-1,3
CATGCCTCAAGCGCTC-1,7
CATGCCTCAAGTAATG-1,1
CATGCCTCACCGAATT-1,2
CATGCCTCAGACAAAT-1,7
CATGCCTTCGCCCTTA-1,2
CATGCCTTCGGCGCTA-1,2
CATGGCGAGAGATGAG-1,3
CATGGCGAGCTGAAAT-1,3
CATGGCGAGCTGCCCA-1,6
CATGGCGCAGTAGAGC-1,3
CATGGCGCATATACCG-1,7
CATGGCGGTAGCGATG-1,2
CATGGCGGTCATGCAT-1,2
CATGGCGGTCCAGTGC-1,1
CATGGCGGTGGCTCCA-1,1
CATGGCGGTTCAGGCC-1,4
CATGGCGTCCATGAGT-1,4
CATGGCGTCGCCTGTT-1,4
CATGGCGTCGGACAAG-1,5
CATTATCAGCTGAAAT-1,1
CATTATCAGCTGCGAA-1,1
CATTATCCAAATTGCC-1,2
CATTATCCAGTGGGAT-1,3
CATTATCGTAAGCACG-1,5
CATTATCGTCTCACCT-1,1
CATTATCGTGGGTCAA-1,2
CATTATCTCAACTCTT-1,7
CATTATCTCAGAGACG-1,2
CATTATCTCGACCAGC-1,4
CATTATCTCTAACTCT-1,1
CATTATCTCTCGATGA-1,2
CATTATCTCTCTAGGA-1,1
CATTCGCAGACCTAGG-1,3
CATTCGCAGCCGATTT-1,1
CATTCGCCAAAGGTGC-1,3
CATTCGCCATATACCG-1,5
CATTCGCGTACCGCTG-1,5
CATTCGCGTTCCACAA-1,1
CATTCGCGTTCCACGG-1,4
CATTCGCTCTATCCCG-1,5
CCAATCCCAAACCTAC-1,4
CCAATCCCAAGCCGTC-1,2
CCAATCCCATCCCATC-1,3
CCAATCCGTATTCGTG-1,3
CCAATCCGTCTAGGTT-1,1
CCAATCCTCGAATCCA-1,1
CCAATCCTCTGCTGCT-1,1
CCACCTAAGAGAGCTC-1,2
CCACCTAAGGCTAGCA-1,3
CCACCTAAGTGGAGAA-1,1
CCACCTACACCGATAT-1,5
CCACCTACATTGAGCT-1,3
CCACCTAGTACCGTAT-1,2
CCACCTAGTGAACCTT-1,5
CCACCTAGTTGTGGCC-1,3
CCACCTATCATCTGTT-1,2
CCACCTATCCAACCAA-1,2
CCACCTATCTGTCTAT-1,7
CCACGGAAGTGTACCT-1,1
CCACGGACAGAGTGTG-1,1
CCACGGACATGCCTTC-1,1
CCACGGACATTAACCG-1,3
CCACGGAGTAATAGCA-1,7
CCACGGAGTGAGGGAG-1,7
CCACGGAGTTTGGCGC-1,1
CCACGGATCAGTTCGA-1,3
CCACTACAGACGACGT-1,4
CCACTACAGCTAGTGG-1,2
CCACTACCACGGACAA-1,5
CCACTACCATCGGAAG-1,4
CCACTACGTAGCGCTC-1,1
CCACTACGTCAATGTC-1,3
CCACTACGTCGAAAGC-1,5
CCACTACTCATGTAGC-1,4
CCACTACTCTCTGCTG-1,3
CCAGCGAAGATCCGAG-1,1
CCAGCGAAGCTGGAAC-1,1
CCAGCGAAGTCAAGCG-1,1
CCAGCGAAGTTGCAGG-1,3
CCAGCGACACAACGCC-1,4
CCAGCGAGTTCGTCTC-1,1
CCAGCGATCAGTTTGG-1,1
CCAGCGATCGGAAACG-1,7
CCAGCGATCTTCATGT-1,2
CCATGTCAGCCACCTG-1,6
CCATGTCCACTTACGA-1,3
CCATGTCGTGCACGAA-1,1
CCATGTCGTGCCTTGG-1,1
CCATGTCGTTACGACT-1,2
CCATGTCTCCGCAAGC-1,1
CCATGTCTCGTCTGAA-1,6
CCATTCGAGACACTAA-1,1
CCATTCGAGCTAACTC-1,8
CCATTCGAGTCCATAC-1,2
CCATTCGCACATCCAA-1,1
CCATTCGGTAGCCTAT-1,4
CCATTCGGTGGCAAAC-1,2
CCATTCGGTTCTGGTA-1,3
CCATTCGTCGGTTAAC-1,1
CCCAATCAGAATTCCC-1,2
CCCAATCCAAGGTGTG-1,3
CCCAATCCATACGCTA-1,4
CCCAATCCATGCGCAC-1,1
CCCAATCGTAGCTAAA-1,1
CCCAATCGTTACGTCA-1,1
CCCAATCGTTGCGCAC-1,1
CCCAATCTCGCCGTGA-1,3
CCCAGTTAGATATACG-1,2
CCCAGTTAGATGCGAC-1,8
CCCAGTTAGTTAGGTA-1,2
CCCAGTTCAAATCCGT-1,6
CCCAGTTCAAGTAATG-1,3
CCCAGTTGTAGCGTAG-1,2
CCCAGTTGTGAACCTT-1,5
CCCAGTTGTTGTACAC-1,1
CCCATACAGATGTGGC-1,2
CCCATACAGCGATCCC-1,1
CCCATACCACCATCCT-1,4
CCCATACCACTGCCAG-1,1
CCCATACGTCCTCTTG-1,2
CCCATACGTTGAACTC-1,2
CCCATACTCAATACCG-1,4
CCCATACTCCTTTCTC-1,6
CCCATACTCTTTCCTC-1,2
CCCTCCTAGACATAAC-1,3
CCCTCCTAGATGCCAG-1,2
CCCTCCTAGGGATGGG-1,1
CCCTCCTCAAGTCATC-1,2
CCCTCCTGTAGGGTAC-1,3
CCCTCCTGTCCGACGT-1,2
CCCTCCTTCAGTGCAT-1,5
CCCTCCTTCGAATGGG-1,1
CCCTCCTTCGCATGGC-1,4
CCCTCCTTCGGAGCAA-1,1
CCGGGATAGATGAGAG-1,3
CCGGGATAGCCAGGAT-1,1
CCGGGATAGGGATGGG-1,4
CCGGGATAGTAGTGCG-1,1
CCGGGATCAAGTAATG-1,2
CCGGGATCACCCATTC-1,3
CCGGGATCAGAGCCAA-1,3
CCGGGATCAGATAATG-1,3
CCGGGATCAGGTGCCT-1,2
CCGGGATCATCGATTG-1,1
CCGGGATCATGAGCGA-1,4
CCGGGATCATGCATGT-1,3
CCGGGATGTGCCTGTG-1,2
CCGGGATTCCCTCTTT-1,5
CCGGGATTCCTCAACC-1,4
CCGGGATTCCTTGACC-1,2
CCGGGATTCTCCAGGG-1,4
CCGGGATTCTTGTCAT-1,3
CCGGTAGAGCTGCAAG-1,7
CCGGTAGAGTTGCAGG-1,5
CCGGTAGCAATGGACG-1,3
CCGGTAGCATCAGTAC-1,5
CCGGTAGGTAGCCTAT-1,4
CCGGTAGGTCTCTCGT-1,2
CCGGTAGGTGCGCTTG-1,6
CCGTACTAGGATGCGT-1,5
CCGTACTAGGGATCTG-1,4
CCGTACTCACACATGT-1,1
CCGTACTCACGAGAGT-1,4
CCGTACTGTCATACTG-1,1
CCGTACTTCACAGTAC-1,4
CCGTACTTCATACGGT-1,2
CCGTACTTCGATAGAA-1,4
CCGTACTTCGGTCTAA-1,1
CCGTACTTCGTTGCCT-1,3
CCGTGGAAGGAGTTTA-1,3
CCGTGGAAGTAGGCCA-1,7
CCGTGGAAGTGATCGG-1,1
CCGTGGACAGTTCATG-1,4
CCGTGGAGTTCAGTAC-1,1
CCGTTCAAGAATCTCC-1,2
CCGTTCACAAGGCTCC-1,1
CCGTTCACACCCATGG-1,5
CCGTTCACATGAAGTA-1,4
CCGTTCAGTCACTGGC-1,3
CCGTTCAGTTCTGGTA-1,2
CCGTTCATCGCCCTTA-1,1
CCGTTCATCGTAGATC-1,4
CCGTTCATCTCGAGTA-1,3
CCGTTCATCTCGTTTA-1,2
CCTAAAGAGCTGTTCA-1,1
CCTAAAGCACATTTCT-1,2
CCTAAAGCATACTACG-1,5
CCTAAAGGTGATGTCT-1,3
CCTAAAGGTGTGAAAT-1,4
CCTAAAGTCAAAGACA-1,2
CCTAAAGTCGAATCCA-1,1
CCTAAAGTCGTGGACC-1,1
CCTAAAGTCTCTAAGG-1,3
CCTAAAGTCTGTCTCG-1,3
CCTACACAGAGTACCG-1,2
CCTACACAGCACACAG-1,1
CCTACACAGGTGACCA-1,1
CCTACACAGTGCAAGC-1,1
CCTACACCAAGCTGGA-1,5
CCTACACGTCTCAACA-1,4
CCTACACGTCTTCGTC-1,8
CCTACACGTGTTTGGT-1,5
CCTACACTCTGGGCCA-1,4
CCTACCAAGACGCAAC-1,6
CCTACCAAGCGCTTAT-1,6
CCTACCAAGTTTGCGT-1,1
CCTACCACAATAGCGG-1,5
CCTACCACACGGTTTA-1,4
CCTACCAGTGCGAAAC-1,2
CCTACCATCCAAACAC-1,2
CCTACCATCGAATGGG-1,2
CCTACCATCTGTTGAG-1,2
CCTAGCTAGTACGACG-1,5
CCTAGCTCAAACTGCT-1,1
CCTAGCTCAATGCCAT-1,3
CCTAGCTCACGTAAGG-1,3
CCTAGCTCAGACGCCT-1,6
CCTAGCTGTCGCGTGT-1,7
CCTAGCTGTGAGGCTA-1,1
CCTAGCTGTTACGCGC-1,1
CCTAGCTGTTGAGGTG-1,1
CCTAGCTTCCTAGTGA-1,3
CCTAGCTTCTTATCTG-1,5
CCTAGCTTCTTCAACT-1,1
CCTATTAAGTCTCGGC-1,3
CCTATTACACGAAGCA-1,6
CCTATTAGTAGTGAAT-1,4
CCTATTAGTCAAAGCG-1,5
CCTATTAGTCTAGCCG-1,1
CCTATTATCAAGCCTA-1,5
CCTATTATCTTACCGC-1,4
CCTCAGTAGAACTCGG-1,2
CCTCAGTCATGCTGGC-1,6
CCTCAGTGTAAGGGAA-1,2
CCTCAGTGTATGAATG-1,1
CCTCAGTTCACGGTTA-1,1
CCTCAGTTCAGCTTAG-1,4
CCTCTGAAGCAATCTC-1,5
CCTCTGAAGTGGTCCC-1,4
CCTCTGACAACTGGCC-1,2
CCTCTGACAATGAATG-1,1
CCTCTGACAGATCGGA-1,1
CCTCTGACATTACCTT-1,4
CCTCTGAGTCCGAAGA-1,1
CCTCTGAGTCTTTCAT-1,1
CCTCTGAGTGGGTATG-1,8
CCTCTGATCCGTAGTA-1,5
CCTCTGATCTTTACGT-1,4
CCTTACGAGATCCGAG-1,5
CCTTACGAGCCAGTTT-1,5
CCTTACGAGGAGTAGA-1,6
CCTTACGCATATACGC-1,3
CCTTACGTCAGGCCCA-1,4
CCTTACGTCTGCGACG-1,2
CCTTACGTCTGCGGCA-1,2
CCTTACGTCTTACCTA-1,1
CCTTCCCAGATTACCC-1,6
CCTTCCCAGGCTACGA-1,4
CCTTCCCGTACCGAGA-1,3
CCTTCCCGTTACCAGT-1,1
CCTTCCCGTTCCACAA-1,4
CCTTCCCTCCCTGACT-1,4
CCTTCCCTCTCCAACC-1,2
CCTTCCCTCTTCCTTC-1,7
CCTTCGAAGTGCAAGC-1,4
CCTTCGAAGTTAGCGG-1,4
CCTTCGACACTATCTT-1,3
CCTTCGATCAGGCGAA-1,5
CCTTTCTAGTACGCCC-1,3
CCTTTCTCAAAGAATC-1,4
CCTTTCTCACTCGACG-1,1
CCTTTCTCATCGGAAG-1,5
CCTTTCTTCATTGCCC-1,1
CCTTTCTTCCACGCAG-1,4
CCTTTCTTCGTCCGTT-1,5
CCTTTCTTCTACTCAT-1,1
CGAACATAGCAGCGTA-1,2
CGAACATAGCTGAAAT-1,8
CGAACATCACAGACAG-1,1
CGAACATCACTCAGGC-1,3
CGAACATGTATTCTCT-1,5
CGAACATGTTACAGAA-1,7
CGAACATTCACATGCA-1,4
CGAACATTCCGAAGAG-1,2
CGAATGTAGTACGATA-1,5
CGAATGTAGTACTTGC-1,1
CGAATGTCAACACGCC-1,2
CGAATGTCACCAGGTC-1,4
CGAATGTCATACAGCT-1,5
CGAATGTCATCACCCT-1,8
CGAATGTGTACCATCA-1,7
CGAATGTGTAGAAAGG-1,2
CGAATGTTCCACGACG-1,2
CGAATGTTCTGAAAGA-1,5
CGACCTTAGACCCACC-1,4
CGACCTTAGGAGCGTT-1,3
CGACCTTAGTACACCT-1,1
CGACCTTCAGTATCTG-1,2
CGACCTTCATTCTTAC-1,4
CGACCTTCATTGGGCC-1,1
CGACCTTGTAGTAGTA-1,5
CGACCTTGTCAGCTAT-1,6
CGACCTTGTTGATTGC-1,8
CGACCTTTCATCACCC-1,5
CGACCTTTCATGTGGT-1,2
CGACCTTTCGGAAACG-1,7
CGACCTTTCGGAAATA-1,2
CGACTTCAGAAGAAGC-1,2
CGACTTCCAAACGCGA-1,6
CGACTTCCAATCCGAT-1,4
CGACTTCCAATGCCAT-1,3
CGACTTCCACTTCTGC-1,3
CGACTTCTCAGTTCGA-1,1
CGACTTCTCGTCCAGG-1,2
CGAGAAGAGTTGAGTA-1,2
CGAGAAGCACCATGTA-1,2
CGAGAAGGTACTCGCG-1,1
CGAGAAGGTAGAGGAA-1,5
CGAGAAGGTGTTTGGT-1,1
CGAGAAGGTTCCACGG-1,2
CGAGAAGTCACCTCGT-1,1
CGAGAAGTCCGTCATC-1,2
CGAGCACGTTACTGAC-1,2
CGAGCACGTTGGTAAA-1,3
CGAGCACTCACAGTAC-1,2
CGAGCACTCCACGTTC-1,1
CGAGCACTCTTTACAC-1,3
CGAGCCAAGCTACCGC-1,1
CGAGCCAAGGTGGGTT-1,1
CGAGCCACAAGTCTAC-1,1
CGAGCCAGTACATCCA-1,7
CGAGCCATCACTCTTA-1,1
CGAGCCATCCACGTTC-1,3
CGAGCCATCCGAGCCA-1,2
CGAGCCATCTGCAAGT-1,4
CGATCGGAGGACACCA-1,2
CGATCGGAGGATATAC-1,1
CGATCGGAGGTGGGTT-1,7
CGATCGGCAAACAACA-1,4
CGATCGGCACGTAAGG-1,3
CGATCGGCAGTTCCCT-1,5
CGATCGGCATAGAAAC-1,7
CGATCGGGTAGTACCT-1,1
CGATCGGGTTCTGAAC-1,8
CGATCGGTCATCGCTC-1,1
CGATCGGTCATGTCCC-1,2
CGATCGGTCGCGTTTC-1,4
CGATGGCAGCTAAACA-1,4
CGATGGCCAAGACACG-1,1
CGATGGCCAATAACGA-1,1
CGATGGCGTTCCTCCA-1,5
CGATGGCGTTGAACTC-1,1
CGATGTAAGCGTTCCG-1,3
CGATGTAAGTTCGCGC-1,8
CGATGTACACTTCTGC-1,4
CGATGTACAGCCTATA-1,4
CGATGTAGTAGAGCTG-1,3
CGATGTAGTGGGTCAA-1,5
CGATGTAGTGTCGCTG-1,1
CGATGTATCGGACAAG-1,1
CGATGTATCGGATGGA-1,2
CGATGTATCGGCGCTA-1,2
CGATGTATCGTACCGG-1,5
CGATTGAAGGCTAGCA-1,1
CGATTGAAGTACTTGC-1,3
CGATTGACAAGAGGCT-1,1
CGATTGACAGCATGAG-1,2
CGATTGACATACGCCG-1,7
CGATTGACATGCATGT-1,1
CGATTGAGTACTTCTT-1,8
CGATTGAGTAGATTAG-1,2
CGATTGATCAAACAAG-1,4
CGATTGATCAGGTTCA-1,1
CGCCAAGCATCTCCCA-1,5
CGCCAAGGTCGGGTCT-1,1
CGCCAAGGTCTACCTC-1,5
CGCCAAGTCATGCATG-1,2
CGCCAAGTCCCTGACT-1,5
CGCCAAGTCGCTTGTC-1,1
CGCGGTAAGCCAGTTT-1,3
CGCGGTAAGGGAACGG-1,2
CGCGGTACAAACGTGG-1,6
CGCGGTACAAGGTGTG-1,4
CGCGGTACAGGTCCAC-1,3
CGCGGTACATGCATGT-1,2
CGCGGTAGTAAGAGGA-1,4
CGCGGTAGTAGGGTAC-1,5
CGCGGTAGTCTCTCTG-1,7
CGCGGTAGTGATAAGT-1,2
CGCGGTAGTTGGTAAA-1,1
CGCGGTAGTTGGTGGA-1,8
CGCGGTATCAACTCTT-1,1
CGCGGTATCGCACTCT-1,3
CGCGGTATCGGATGGA-1,3
CGCGGTATCGGTGTTA-1,2
CGCGGTATCGTACGGC-1,2
CGCGGTATCTTGAGGT-1,2
CGCGTTTAGCAGCGTA-1,4
CGCGTTTAGCCCAACC-1,2
CGCGTTTAGCTAGTCT-1,6
CGCGTTTCAAAGAATC-1,4
CGCGTTTGTACTCTCC-1,6
CGCGTTTGTAGATTAG-1,1
CGCGTTTTCCTCATTA-1,1
CGCGTTTTCTGCTTGC-1,8
CGCTATCAGACTTGAA-1,1
CGCTATCCACGTGAGA-1,1
CGCTATCCAGGTGCCT-1,1
CGCTATCGTTCGTCTC-1,1
CGCTATCTCTTAACCT-1,2
CGCTGGAGTTGATTGC-1,2
CGCTTCAAGACTAAGT-1,4
CGCTTCAAGCTCTCGG-1,8
CGCTTCAAGTGACTCT-1,3
CGCTTCAGTTATGCGT-1,1
CGCTTCAGTTTGTTGG-1,1
CGCTTCATCAACGGCC-1,3
CGCTTCATCATGCATG-1,2
CGGACACAGACGCAAC-1,2
CGGACACAGCGCCTCA-1,2
CGGACACAGGTGCTAG-1,1
CGGACACAGTGCGATG-1,1
CGGACACGTAATCGTC-1,7
CGGACACGTCTAACGT-1,1
CGGACACTCGGTCCGA-1,4
CGGACACTCTGCTTGC-1,5
CGGACGTAGACTCGGA-1,1
CGGACGTAGAGCTATA-1,2
CGGACGTAGGAGCGAG-1,1
CGGACGTAGGGTATCG-1,4
CGGACGTCACATCCAA-1,5
CGGACGTCAGGCGATA-1,4
CGGACGTCAGGGAGAG-1,7
CGGACGTGTCTTTCAT-1,8
CGGACGTTCAAACAAG-1,3
CGGACTGAGATGTGTA-1,1
CGGACTGAGCTGCAAG-1,5
CGGACTGAGTTAGGTA-1,3
CGGACTGCACCATCCT-1,8
CGGACTGGTGGAAAGA-1,2
CGGACTGGTGTTCGAT-1,1
CGGACTGTCAAACCGT-1,1
CGGACTGTCAGTTCGA-1,6
CGGACTGTCGGATGGA-1,8
CGGACTGTCGGCGGTT-1,6
CGGACTGTCTTTACAC-1,1
CGGAGCTAGATGCCAG-1,5
CGGAGCTAGCTGCCCA-1,2
CGGAGCTCAAGGTTCT-1,4
CGGAGCTGTCAAAGAT-1,1
CGGAGCTGTCCAAGTT-1,1
CGGAGCTGTCTAGCCG-1,1
CGGAGCTTCGCAGGCT-1,1
CGGAGCTTCTACCTGC-1,1
CGGAGCTTCTTAACCT-1,3
CGGAGTCAGACAGAGA-1,4
CGGAGTCCATCTCCCA-1,3
CGGAGTCGTCGAATCT-1,5
CGGAGTCGTTGATTCG-1,3
CGGAGTCTCTTTAGTC-1,4
CGGCTAGAGAGCCTAG-1,3
CGGCTAGAGCTTCGCG-1,1
CGGCTAGCACATCCGG-1,2
CGGCTAGCAGATAATG-1,1
CGGCTAGCAGCTGTTA-1,7
CGGCTAGGTATGAATG-1,5
CGGCTAGGTCTCACCT-1,6
CGGCTAGGTTCGCTAA-1,1
CGGCTAGGTTTCCACC-1,2
CGGCTAGTCTACCTGC-1,4
CGGGTCAAGAACAATC-1,6
CGGGTCAAGCCACGCT-1,2
CGGGTCAAGCGAGAAA-1,1
CGGGTCAAGGACAGAA-1,1
CGGGTCAGTCAACTGT-1,3
CGGGTCAGTGTGACGA-1,4
CGGGTCAGTTACGACT-1,1
CGGGTCATCGCCTGTT-1,2
CGGTTAAAGAGTTGGC-1,8
CGGTTAAAGTTTCCTT-1,2
CGGTTAACAACGATCT-1,5
CGGTTAACAAGTCTAC-1,6
CGGTTAAGTAAGCACG-1,3
CGGTTAAGTGATGCCC-1,1
CGGTTAATCCGTAGGC-1,1
CGGTTAATCCTGTACC-1,6
CGTAGCGAGAATGTTG-1,1
CGTAGCGAGCGTCTAT-1,8
CGTAGCGAGGGAGTAA-1,4
CGTAGCGCAAAGTCAA-1,2
CGTAGCGCACTGCCAG-1,4
CGTAGCGCATGTTCCC-1,4
CGTAGCGTCTGGCGTG-1,3
CGTAGCGTCTTGCATT-1,1
CGTAGGCAGCTGATAA-1,8
CGTAGGCCAAAGGAAG-1,8
CGTAGGCCAGACTCGC-1,1
CGTAGGCCATCTATGG-1,5
CGTAGGCCATGCCCGA-1,3
CGTAGGCGTATAGGGC-1,1
CGTAGGCTCCAAGTAC-1,3
CGTCACTAGACTCGGA-1,1
CGTCACTAGTGTCTCA-1,1
CGTCACTCAATGGAAT-1,1
CGTCACTCACTTACGA-1,1
CGTCACTTCTGAAAGA-1,1
CGTCAGGAGAGACTAT-1,1
CGTCAGGCACCGGAAA-1,7
CGTCAGGCAGATGGCA-1,1
CGTCAGGGTAAAGTCA-1,2
CGTCAGGTCAGCATGT-1,3
CGTCAGGTCTGTCCGT-1,5
CGTCAGGTCTTCAACT-1,3
CGTCCATAGACCACGA-1,4
CGTCCATAGCATCATC-1,4
CGTCCATAGTGGGCTA-1,7
CGTCCATAGTGTACGG-1,3
CGTCCATCACAGCGTC-1,3
CGTCCATCATTAACCG-1,1
CGTCCATGTGACTCAT-1,8
CGTCCATTCGCCAGCA-1,1
CGTCCATTCGTGGTCG-1,1
CGTCCATTCGTTTGCC-1,4
CGTCCATTCTTCGAGA-1,4
CGTCTACAGAGTGACC-1,4
CGTCTACAGTCTTGCA-1,5
CGTCTACCAAGGTTCT-1,5
CGTCTACCACAAGCCC-1,1
CGTCTACCAGCCTGTG-1,1
CGTCTACCATATGGTC-1,1
CGTCTACGTCATATCG-1,5
CGTCTACGTCTAACGT-1,5
CGTCTACGTGACTCAT-1,4
CGTCTACGTGGACGAT-1,1
CGTGAGCAGCTGTCTA-1,1
CGTGAGCAGTAGATGT-1,3
CGTGAGCCATGGTAGG-1,1
CGTGAGCGTAGGGACT-1,1
CGTGAGCGTCTCTCGT-1,5
CGTGAGCGTTGTCGCG-1,3
CGTGAGCTCAGCTGGC-1,1
CGTGAGCTCAGTGTTG-1,8
CGTGAGCTCGTTACGA-1,1
CGTGAGCTCGTTTGCC-1,1
CGTGTAAAGAATGTGT-1,1
CGTGTAAAGCATGGCA-1,4
CGTGTAAAGCTAGTCT-1,3
CGTGTAAAGTTGTAGA-1,5
CGTGTAACACGTGAGA-1,1
CGTGTAACAGTTCCCT-1,5
CGTGTAAGTAGGCTGA-1,3
CGTGTAAGTCACTGGC-1,4
CGTGTAATCTCGCTTG-1,1
CGTGTCTAGCAGACTG-1,3
CGTGTCTAGGGTCGAT-1,2
CGTGTCTAGTAGCGGT-1,1
CGTGTCTAGTTAAGTG-1,1
CGTGTCTGTAAACCTC-1,1
CGTGTCTTCATCACCC-1,1
CGTGTCTTCATGCAAC-1,2
CGTGTCTTCCAGATCA-1,2
CGTGTCTTCTAACTCT-1,5
CGTTAGAAGCAAATCA-1,2
CGTTAGAAGTCAAGGC-1,2
CGTTAGACAACGATCT-1,2
CGTTAGACAGATAATG-1,8
CGTTAGAGTAATAGCA-1,1
CGTTAGAGTCACTTCC-1,2
CGTTAGAGTCTAGAGG-1,3
CGTTAGAGTCTCTTAT-1,2
CGTTAGAGTTAAAGAC-1,2
CGTTAGAGTTCAGGCC-1,3
CGTTAGATCGTACGGC-1,1
CGTTCTGAGAAACGCC-1,2
CGTTCTGAGCTCAACT-1,1
CGTTCTGAGGCTCAGA-1,2
CGTTCTGCAAGCGTAG-1,1
CGTTCTGCACAGGCCT-1,1
CGTTCTGCACATTCGA-1,2
CGTTCTGGTGCACGAA-1,5
CGTTCTGGTTATCCGA-1,3
CGTTCTGGTTCCAACA-1,4
CGTTCTGTCCGAGCCA-1,2
CGTTGGGAGAAGGCCT-1,1
CGTTGGGAGAGCTATA-1,1
CGTTGGGAGATCACGG-1,1
CGTTGGGAGCTGTTCA-1,5
CGTTGGGAGGAATGGA-1,2
CGTTGGGAGGTGCTAG-1,4
CGTTGGGAGTTACGGG-1,3
CGTTGGGCAGATAATG-1,2
CGTTGGGCAGGTTTCA-1,1
CGTTGGGCAGTCTTCC-1,4
CGTTGGGCATAAGACA-1,1
CGTTGGGCATCCGGGT-1,1
CGTTGGGTCTGATACG-1,3
CTAACTTAGCCGGTAA-1,2
CTAACTTCACCTATCC-1,4
CTAACTTCAGGCTGAA-1,2
CTAACTTCATCTGGTA-1,5
CTAACTTGTAAGGGCT-1,4
CTAACTTGTACCCAAT-1,6
CTAACTTGTATATGAG-1,1
CTAACTTTCAACACGT-1,1
CTAACTTTCAGCTTAG-1,7
CTAACTTTCTAACCGA-1,2
CTAAGACAGACAGACC-1,1
CTAAGACAGATGAGAG-1,1
CTAAGACAGCGTAGTG-1,2
CTAAGACAGCGTGAGT-1,5
CTAAGACAGGAACTGC-1,4
CTAAGACAGTATGACA-1,1
CTAAGACCACAGCCCA-1,1
CTAAGACCAGGTGGAT-1,2
CTAAGACGTAAAGTCA-1,3
CTAAGACGTAGCGCTC-1,4
CTAAGACGTGTGAATA-1,2
CTAAGACTCCACTCCA-1,3
CTAAGACTCCCTAATT-1,1
CTAAGACTCGGACAAG-1,4
CTAAGACTCTGTTGAG-1,1
CTAATGGAGTGACTCT-1,1
CTAATGGCAAGCCGCT-1,1
CTAATGGGTGTGTGCC-1,1
CTACACCAGCGTAATA-1,1
CTACACCAGTCTCAAC-1,2
CTACACCAGTGAACGC-1,1
CTACACCAGTGGTCCC-1,4
CTACACCGTACGCTGC-1,1
CTACACCGTCCTCTTG-1,1
CTACACCGTTACGCGC-1,2
CTACACCGTTTGACAC-1,3
CTACACCTCAGCGATT-1,1
CTACACCTCATAGCAC-1,3
CTACACCTCTTACCGC-1,5
CTACACCTCTTGCAAG-1,2
CTACATTAGACTTGAA-1,2
CTACATTAGAGACGAA-1,5
CTACATTAGAGCTTCT-1,2
CTACATTAGCCACGCT-1,1
CTACATTAGCTTATCG-1,1
CTACATTCAGATCGGA-1,5
CTACATTCATCGACGC-1,6
CTACATTGTCACTGGC-1,3
CTACATTGTCGTTGTA-1,5
CTACATTTCGGCATCG-1,3
CTACCCACACCCTATC-1,1
CTACCCAGTAAGTTCC-1,1
CTACCCAGTCCTCCAT-1,1
CTACCCAGTCGTCTTC-1,5
CTACCCAGTGGTAACG-1,2
CTACCCATCAACACGT-1,3
CTACCCATCTACTTAC-1,2
CTACGTCAGAGGTTGC-1,1
CTACGTCAGTGACTCT-1,3
CTACGTCCAGCCTTTC-1,1
CTACGTCCATTGGCGC-1,2
CTACGTCGTAAGGGAA-1,3
CTACGTCGTCAGATAA-1,2
CTACGTCGTGTGACCC-1,8
CTACGTCGTTGTACAC-1,1
CTACGTCGTTTGCATG-1,2
CTACGTCTCTGGAGCC-1,2
CTAGAGTAGACCCACC-1,2
CTAGAGTAGGGTTTCT-1,2
CTAGAGTAGTGGGCTA-1,7
CTAGAGTCACGTCAGC-1,4
CTAGAGTCATCCTTGC-1,1
CTAGAGTCATGCCACG-1,4
CTAGAGTGTACAAGTA-1,3
CTAGAGTGTCATTAGC-1,1
CTAGAGTTCCGCAGTG-1,4
CTAGAGTTCGAGAACG-1,1
CTAGCCTAGGGAGTAA-1,5
CTAGCCTGTCAACATC-1,5
CTAGCCTGTCGGCATC-1,1
CTAGCCTTCTCCAACC-1,1
CTAGCCTTCTGTACGA-1,8
CTAGTGAAGCCGGTAA-1,4
CTAGTGAGTCAATGTC-1,3
CTAGTGAGTCTCTTTA-1,5
CTAGTGAGTTGTCTTT-1,2
CTAGTGATCGCCTGAG-1,4
CTCACACAGCCCGAAA-1,2
CTCACACAGCGTTTAC-1,1
CTCACACCAGTTCATG-1,2
CTCACACCATGCCCGA-1,1
CTCACACGTATAGGGC-1,5
CTCACACGTTTAAGCC-1,1
CTCACACTCAGTTGAC-1,6
CTCACACTCGCCTGTT-1,4
CTCACACTCTACGAGT-1,1
CTCACACTCTGCCAGG-1,4
CTCAGAAAGAGTAATC-1,3
CTCAGAAAGGTGTGGT-1,4
CTCAGAAAGTAGCGGT-1,3
CTCAGAACAATCTGCA-1,1
CTCAGAAGTATCGCAT-1,2
CTCAGAAGTCAAAGAT-1,3
CTCATTAAGCCAACAG-1,5
CTCATTAAGCTGCGAA-1,8
CTCATTAAGGATCGCA-1,2
CTCATTAAGGTCATCT-1,2
CTCATTACACGGCCAT-1,2
CTCATTACAGGGCATA-1,1
CTCATTACAGGTCCAC-1,1
CTCATTACATAGGATA-1,2
CTCATTACATGAACCT-1,4
CTCATTAGTCTCCATC-1,2
CTCATTATCAGTCCCT-1,2
CTCATTATCATTTGGG-1,1
CTCATTATCTTAACCT-1,2
CTCCTAGAGAACAATC-1,1
CTCCTAGAGCAGACTG-1,3
CTCCTAGAGTACGTTC-1,2
CTCCTAGAGTTCGCGC-1,2
CTCCTAGCATTGGTAC-1,2
CTCCTAGGTGGCTCCA-1,1
CTCCTAGTCAAAGACA-1,1
CTCCTAGTCCGCATCT-1,2
CTCCTAGTCGTACCGG-1,4
CTCCTAGTCTGCTGTC-1,1
CTCGAAAAGCGCCTTG-1,1
CTCGAAACAGTGAGTG-1,2
CTCGAAACATGACATC-1,6
CTCGAAAGTCAATGTC-1,4
CTCGAAATCAGTGCAT-1,1
CTCGAGGAGGCTATCT-1,1
CTCGAGGAGTTATCGC-1,3
CTCGAGGCAAAGTGCG-1,1
CTCGAGGCAATAACGA-1,4
CTCGAGGCATGCCTTC-1,7
CTCGAGGGTAAATGAC-1,1
CTCGAGGGTCGCCATG-1,7
CTCGAGGTCCCATTAT-1,6
CTCGAGGTCGGAGGTA-1,1
CTCGAGGTCTGGGCCA-1,5
CTCGAGGTCTTTACAC-1,5
CTCGGAGAGCGAAGGG-1,5
CTCGGAGCAGACGCCT-1,3
CTCGGAGGTCGACTGC-1,4
CTCGGAGGTGCAGTAG-1,2
CTCGGAGTCCTATGTT-1,1
CTCGGGAAGAAGAAGC-1,5
CTCGGGAAGGTGCAAC-1,5
CTCGGGACAAGCGCTC-1,1
CTCGGGACACATCCAA-1,7
CTCGGGACACCTGGTG-1,1
CTCGGGAGTTCAGCGC-1,8
CTCGGGAGTTTAGGAA-1,5
CTCGGGAGTTTGGGCC-1,1
CTCGGGATCCCAAGTA-1,3
CTCGGGATCGAATCCA-1,6
CTCGGGATCTTTACGT-1,3
CTCGTACAGACTGGGT-1,5
CTCGTACCAAAGAATC-1,1
CTCGTACCACATGTGT-1,6
CTCGTACCACCTCGGA-1,1
CTCGTACCATGAGCGA-1,5
CTCGTACCATTAACCG-1,7
CTCGTACGTAGAGGAA-1,1
CTCGTACGTCCGACGT-1,1
CTCGTACGTTTGTGTG-1,3
CTCGTACTCAGCTTAG-1,5
CTCGTACTCATTTGGG-1,5
CTCGTCAAGTAATCCC-1,2
CTCGTCACAAGGCTCC-1,1
CTCGTCACAATCGAAA-1,6
CTCGTCACACCTGGTG-1,5
CTCGTCAGTAACGACG-1,3
CTCGTCAGTAGGGACT-1,2
CTCGTCAGTGATGATA-1,5
CTCGTCAGTGCCTGCA-1,3
CTCGTCAGTTCGAATC-1,7
CTCTAATAGAGGTAGA-1,3
CTCTAATAGCTGGAAC-1,1
CTCTAATAGGTTCCTA-1,3
CTCTAATCACCTGGTG-1,5
CTCTAATGTCGAATCT-1,1
CTCTAATGTTAGTGGG-1,5
CTCTAATGTTGGACCC-1,1
CTCTAATGTTTGGGCC-1,5
CTCTAATTCCAAACTG-1,5
CTCTAATTCGGCCGAT-1,6
CTCTACGAGCCAGAAC-1,5
CTCTACGAGCGACGTA-1,1
CTCTACGCACACCGAC-1,3
CTCTACGGTAAAGTCA-1,2
CTCTACGGTATAGTAG-1,3
CTCTACGGTTAAGATG-1,2
CTCTGGTAGACTTTCG-1,7
CTCTGGTAGGAGTAGA-1,3
CTCTGGTAGTTAGGTA-1,5
CTCTGGTCAAATCCGT-1,1
CTCTGGTCACGAGAGT-1,8
CTCTGGTCATAACCTG-1,3
CTCTGGTGTAAATGAC-1,1
CTCTGGTGTCGTCTTC-1,1
CTCTGGTGTGAACCTT-1,2
CTCTGGTGTTAAGGGC-1,8
CTCTGGTTCCTCTAGC-1,1
CTCTGGTTCTATGTGG-1,3
CTGAAACGTCATACTG-1,1
CTGAAACTCGTTTAGG-1,4
CTGAAACTCTAACTCT-1,4
CTGAAGTAGACTACAA-1,1
CTGAAGTAGCGATAGC-1,3
CTGAAGTCACGGTAGA-1,5
CTGAAGTGTCACCCAG-1,6
CTGAAGTGTTAAGAAC-1,2
CTGAAGTGTTGACGTT-1,1
CTGAAGTGTTTGTTGG-1,5
CTGAAGTTCCACGTGG-1,7
CTGAAGTTCGTATCAG-1,1
CTGATAGAGACGCAAC-1,5
CTGATAGAGGAATGGA-1,2
CTGATAGAGGGTGTGT-1,1
CTGATAGCAACTGGCC-1,1
CTGATAGCACGACGAA-1,3
CTGATAGGTACCGAGA-1,3
CTGATAGGTGCTGTAT-1,2
CTGATAGGTTGACGTT-1,1
CTGATAGTCGAATGGG-1,6
CTGATAGTCTTTACGT-1,1
CTGATCCAGGCAGGTT-1,4
CTGATCCCATCCTAGA-1,1
CTGATCCGTCTAACGT-1,1
CTGATCCGTCTCATCC-1,1
CTGATCCGTGCAACTT-1,2
CTGATCCGTTCGCGAC-1,4
CTGATCCTCTCTGAGA-1,1
CTGCCTAAGATATGGT-1,3
CTGCCTAAGTCCAGGA-1,3
CTGCCTAAGTGCGATG-1,4
CTGCCTACAAAGCAAT-1,1
CTGCCTACATACGCCG-1,1
CTGCCTACATTAACCG-1,4
CTGCCTAGTCGACTGC-1,4
CTGCCTAGTGAGTGAC-1,8
CTGCCTAGTTAGAACA-1,2
CTGCGGAAGGGAAACA-1,2
CTGCGGAAGTACGCGA-1,8
CTGCGGAAGTGCGATG-1,1
CTGCGGAAGTTCGCGC-1,3
CTGCGGACAGTATGCT-1,3
CTGCGGATCTCCGGTT-1,1
CTGCGGATCTGCAAGT-1,6
CTGCTGTAGAATCTCC-1,1
CTGCTGTAGACACGAC-1,2
CTGCTGTAGACTAAGT-1,5
CTGCTGTAGAGCTGGT-1,5
CTGCTGTAGATATACG-1,2
CTGCTGTGTAAATGTG-1,1
CTGCTGTGTACCGTAT-1,3
CTGCTGTGTCGCGAAA-1,1
CTGCTGTGTTACGTCA-1,3
CTGGTCTAGTAGGCCA-1,1
CTGGTCTCAGCTTCGG-1,1
CTGGTCTCAGGCAGTA-1,2
CTGGTCTGTACTCGCG-1,2
CTGGTCTTCAACACAC-1,5
CTGGTCTTCCAAACAC-1,7
CTGGTCTTCGCAAACT-1,5
CTGTGCTAGACAATAC-1,2
CTGTGCTAGAGGTAGA-1,3
CTGTGCTAGTCCATAC-1,8
CTGTGCTAGTTACGGG-1,5
CTGTGCTCAAAGCAAT-1,3
CTGTGCTCATGCAACT-1,2
CTGTGCTGTAAACCTC-1,8
CTGTGCTGTCTCTTAT-1,3
CTGTGCTTCCGCGGTA-1,2
CTGTTTAAGATATACG-1,5
CTGTTTACAGATGAGC-1,2
CTGTTTAGTAAATACG-1,5
CTGTTTAGTCCGTCAG-1,4
CTGTTTAGTCTCCACT-1,3
CTGTTTATCAGTCAGT-1,8
CTTAACTAGCTACCTA-1,2
CTTAACTGTGTTGGGA-1,6
CTTAACTTCTCGAGTA-1,2
CTTACCGAGAAACCTA-1,4
CTTACCGCAATGGACG-1,4
CTTACCGCAGTACACT-1,1
CTTACCGCATACTACG-1,2
CTTACCGGTATGAAAC-1,1
CTTACCGGTTTGCATG-1,7
CTTAGGAAGCCAACAG-1,2
CTTAGGAAGCTAGGCA-1,5
CTTAGGACAAGCCGTC-1,1
CTTAGGAGTCTCCATC-1,7
CTTAGGAGTTCGCGAC-1,5
CTTAGGATCACCGTAA-1,5
CTTCTCTCAAAGGCGT-1,8
CTTCTCTCAATGGATA-1,1
CTTCTCTCACAGAGGT-1,1
CTTCTCTCATGCCCGA-1,1
CTTCTCTGTACCGTTA-1,1
CTTCTCTGTTACTGAC-1,4
CTTCTCTTCCTATGTT-1,5
CTTCTCTTCGGACAAG-1,1
CTTGGCTGTCACAAGG-1,2
CTTGGCTGTCCAGTTA-1,4
CTTGGCTGTCTGCGGT-1,2
CTTGGCTGTGTGACGA-1,5
CTTGGCTTCCACGAAT-1,3
CTTGGCTTCCTAAGTG-1,8
CTTGGCTTCGGAGGTA-1,6
CTTGGCTTCGTTGACA-1,3
CTTGGCTTCTAACTTC-1,4
CTTGGCTTCTGGTTCC-1,3
CTTGGCTTCTTAGAGC-1,1
CTTTGCGAGTTAGCGG-1,5
CTTTGCGCAAGTCTAC-1,3
CTTTGCGCACAGGAGT-1,8
CTTTGCGCACTATCTT-1,3
CTTTGCGCATGCTAGT-1,3
CTTTGCGGTGGACGAT-1,4
CTTTGCGTCGAGAACG-1,1
GAAACTCAGCCATCGC-1,2
GAAACTCAGGTGCTAG-1,7
GAAACTCAGTACTTGC-1,7
GAAACTCCAATAACGA-1,1
GAAACTCCACAACTGT-1,6
GAAACTCCAGTGGGAT-1,3
GAAACTCGTGTAAGTA-1,4
GAAACTCGTTGTACAC-1,3
GAAACTCTCACATAGC-1,2
GAAACTCTCACTCCTG-1,2
GAAACTCTCAGGCAAG-1,6
GAAATGAAGACAGACC-1,4
GAAATGAAGTCGTTTG-1,2
GAAATGACAAGACACG-1,3
GAAATGACAGATAATG-1,2
GAAATGAGTAGCGTAG-1,3
GAAATGATCACTCCTG-1,1
GAAATGATCGTCCAGG-1,4
GAACATCAGCCTCGTG-1,2
GAACATCAGTACGCGA-1,1
GAACATCAGTTAGCGG-1,4
GAACATCCACAAGCCC-1,1
GAACATCGTATAAACG-1,8
GAACATCGTATTAGCC-1,1
GAACATCTCCAAAGTC-1,1
GAACATCTCTGGTGTA-1,1
GAACATCTCTGGTTCC-1,3
GAACCTAAGCCTATGT-1,5
GAACCTACAGCGAACA-1,3
GAACCTACATGCTGGC-1,1
GAACCTACATGGGAAC-1,3
GAACCTAGTATCAGTC-1,1
GAACCTAGTCTCTTTA-1,2
GAACCTATCATCACCC-1,6
GAACCTATCATTTGGG-1,2
GAACCTATCCATGCTC-1,2
GAACCTATCGGTTAAC-1,4
GAACGGAAGATATGGT-1,1
GAACGGACAATCGAAA-1,3
GAACGGAGTAATCACC-1,1
GAACGGAGTCAACATC-1,4
GAACGGAGTCGTCTTC-1,7
GAACGGAGTGTCAATC-1,2
GAACGGATCAAGATCC-1,4
GAACGGATCCCGGATG-1,3
GAACGGATCCTAGAAC-1,5
GAAGCAGAGAAAGTGG-1,1
GAAGCAGAGACAAAGG-1,2
GAAGCAGAGGCACATG-1,1
GAAGCAGCAAGTTAAG-1,5
GAAGCAGCACCATGTA-1,1
GAAGCAGGTAAATACG-1,5
GAAGCAGGTAGAAAGG-1,3
GAAGCAGTCACGAAGG-1,2
GAAGCAGTCCCTAATT-1,1
GAATAAGAGAAACCAT-1,5
GAATAAGAGGCATTGG-1,4
GAATAAGCATTCTTAC-1,8
GAATAAGTCCTTGGTC-1,6
GAATAAGTCGCCAGCA-1,3
GAATAAGTCGGACAAG-1,8
GAATGAAAGCCAGTAG-1,4
GAATGAAAGGGTTTCT-1,1
GAATGAACAAACGTGG-1,1
GAATGAACAACTGCGC-1,1
GAATGAAGTCTCGTTC-1,1
GAATGAAGTGCACGAA-1,3
GAATGAATCTTTAGTC-1,1
GACACGCAGATAGTCA-1,3
GACACGCCACACCGAC-1,3
GACACGCCACTTCGAA-1,6
GACACGCCAGCTCGCA-1,2
GACACGCGTGAGTGAC-1,3
GACACGCGTGCAGTAG-1,5
GACAGAGAGACTTTCG-1,2
GACAGAGAGATCACGG-1,8
GACAGAGAGCTTTGGT-1,2
GACAGAGAGGGTGTGT-1,7
GACAGAGAGGTGCTTT-1,4
GACAGAGAGTACGTAA-1,4
GACAGAGCAATAGAGT-1,1
GACAGAGCAGATGGCA-1,7
GACAGAGGTCCTGCTT-1,3
GACAGAGGTCTAGAGG-1,1
GACAGAGGTGATAAAC-1,1
GACAGAGGTGGAAAGA-1,2
GACAGAGGTGTATGGG-1,2
GACAGAGTCTAGAGTC-1,2
GACAGAGTCTTGACGA-1,1
GACCAATAGTGACTCT-1,3
GACCAATCAAGACACG-1,4
GACCAATCAGACAAAT-1,1
GACCAATGTATAAACG-1,4
GACCAATGTCAATGTC-1,2
GACCAATGTGGCTCCA-1,4
GACCAATTCAGTTGAC-1,2
GACCAATTCCCTTGTG-1,8
GACCAATTCCGGCACA-1,2
GACCAATTCCTAGAAC-1,5
GACCAATTCTTCAACT-1,3
GACCAATTCTTTACGT-1,4
GACCTGGAGCCCAACC-1,3
GACCTGGAGTGTGGCA-1,1
GACCTGGCAATTCCTT-1,2
GACCTGGCACCGATAT-1,2
GACCTGGCAGCCTATA-1,2
GACCTGGCATGAACCT-1,5
GACCTGGCATGACATC-1,5
GACCTGGGTCCAGTTA-1,2
GACCTGGGTCGACTAT-1,7
GACCTGGGTCGCGGTT-1,2
GACCTGGGTTCCACGG-1,2
GACCTGGTCGCGTAGC-1,1
GACCTGGTCTACCTGC-1,3
GACGCGTAGCAGGCTA-1,6
GACGCGTAGGGAAACA-1,2
GACGCGTAGTCCGGTC-1,5
GACGCGTAGTGACATA-1,3
GACGCGTCAACACCCG-1,5
GACGCGTGTACTTAGC-1,5
GACGCGTGTAGTGAAT-1,6
GACGCGTGTATGGTTC-1,1
GACGCGTGTTCCATGA-1,2
GACGCGTTCCAAGCCG-1,5
GACGGCTCAATGGATA-1,1
GACGGCTCACTCTGTC-1,3
GACGGCTCAGCTGCAC-1,4
GACGGCTCAGTCCTTC-1,3
GACGGCTCAGTTTACG-1,1
GACGGCTCATACGCCG-1,4
GACGGCTGTTAGATGA-1,5
GACGGCTGTTCGTGAT-1,1
GACGGCTGTTGGTAAA-1,1
GACGGCTGTTGTCTTT-1,1
GACGGCTTCGAATGGG-1,6
GACGGCTTCTCAAGTG-1,1
GACGTGCAGAGGTACC-1,5
GACGTGCGTAAATACG-1,2
GACGTGCGTAGCAAAT-1,7
GACGTGCTCCGCATCT-1,1
GACGTGCTCGCATGAT-1,1
GACGTTAAGGGAAACA-1,1
GACGTTACAAGAAGAG-1,7
GACGTTACAGTAGAGC-1,1
GACGTTACATGTCGAT-1,4
GACGTTAGTACAGTTC-1,1
GACGTTAGTCCTCCAT-1,1
GACGTTAGTCGCGGTT-1,4
GACGTTAGTGGTGTAG-1,4
GACTAACAGCCCGAAA-1,1
GACTAACAGCTCCTCT-1,2
GACTAACAGCTGTCTA-1,1
GACTAACAGTGAATTG-1,4
GACTAACCAATGACCT-1,1
GACTAACCAATTCCTT-1,1
GACTAACCACACCGAC-1,3
GACTAACGTAAAGGAG-1,6
GACTAACGTACCGGCT-1,2
GACTAACGTTTGACAC-1,1
GACTAACTCGAACGGA-1,1
GACTAACTCTTACCGC-1,1
GACTACAAGCCCTAAT-1,1
GACTACACAACGATGG-1,7
GACTACAGTACTCGCG-1,3
GACTACAGTCCTGCTT-1,6
GACTACAGTCGCGTGT-1,3
GACTACAGTGTTAAGA-1,5
GACTACAGTTGTACAC-1,7
GACTACATCAGTGCAT-1,2
GACTACATCGTGGACC-1,4
GACTGCGAGCAGACTG-1,3
GACTGCGAGCTGCGAA-1,3
GACTGCGAGGCATGTG-1,4
GACTGCGAGGCGCTCT-1,4
GACTGCGGTAATCACC-1,4
GACTGCGGTCTAAACC-1,4
GACTGCGGTCTAGTGT-1,3
GACTGCGTCAACCATG-1,3
GACTGCGTCCCTCAGT-1,3
GAGCAGAAGACAAAGG-1,4
GAGCAGAAGACCACGA-1,8
GAGCAGAAGGTTCCTA-1,2
GAGCAGAAGTATCTCG-1,1
GAGCAGACACGACTCG-1,3
GAGCAGACAGGATTGG-1,3
GAGCAGAGTCTACCTC-1,1
GAGCAGAGTCTCATCC-1,3
GAGCAGAGTTGTGGAG-1,1
GAGCAGATCCGGGTGT-1,7
GAGCAGATCGCCATAA-1,6
GAGCAGATCGGAGCAA-1,4
GAGCAGATCGGGAGTA-1,1
GAGGTGAAGAAACCGC-1,8
GAGGTGAAGTCTTGCA-1,3
GAGGTGACAAGAAGAG-1,4
GAGGTGATCCTAGTGA-1,2
GAGTCCGAGAGAACAG-1,3
GAGTCCGAGGAATTAC-1,6
GAGTCCGCAGCTCGAC-1,5
GAGTCCGCAGTCGTGC-1,1
GAGTCCGCATAAAGGT-1,1
GAGTCCGCATTTGCTT-1,2
GAGTCCGGTAAAGTCA-1,1
GAGTCCGGTCTCAACA-1,3
GATCAGTAGCTCTCGG-1,1
GATCAGTAGGGTTTCT-1,1
GATCAGTCACAAGTAA-1,1
GATCAGTCATGCTAGT-1,6
GATCAGTGTGCCTGGT-1,6
GATCGATAGCTAACTC-1,8
GATCGATCAAGTTAAG-1,1
GATCGATGTGCCTGCA-1,8
GATCGCGGTAGAAGGA-1,3
GATCGCGGTAGGAGTC-1,8
GATCGCGGTCACCTAA-1,4
GATCGCGGTCCTAGCG-1,1
GATCGCGGTCTGATTG-1,1
GATCGCGGTGACGCCT-1,3
GATCGCGGTGGCGAAT-1,4
GATCGCGGTTACTGAC-1,3
GATCGCGTCAGCTTAG-1,1
GATCGCGTCAGTTTGG-1,1
GATCGTAAGGTGCACA-1,2
GATCGTACAAGAGGCT-1,4
GATCGTAGTATAGTAG-1,3
GATCGTAGTCTAGGTT-1,1
GATCGTATCATTATCC-1,2
GATCGTATCGCACTCT-1,1
GATCGTATCGGCGGTT-1,8
GATCGTATCTGAAAGA-1,3
GATCTAGAGTGGGATC-1,2
GATCTAGAGTTATCGC-1,2
GATCTAGAGTTGTAGA-1,2
GATCTAGCAGGCAGTA-1,7
GATCTAGGTTATGTGC-1,5
GATCTAGTCTCGAGTA-1,2
GATCTAGTCTTGTACT-1,1
GATGAAAAGTGCCAGA-1,2
GATGAAACACAGACTT-1,2
GATGAAACACAGAGGT-1,5
GATGAAACACTGTGTA-1,2
GATGAAACAGTAAGAT-1,5
GATGAAAGTACACCGC-1,3
GATGAAAGTGATGTCT-1,1
GATGAAAGTGGTACAG-1,5
GATGAAAGTTCATGGT-1,1
GATGAAAGTTGATTCG-1,2
GATGAAATCCAGTAGT-1,2
GATGAGGAGAAACCGC-1,5
GATGAGGAGCTCTCGG-1,1
GATGAGGAGGGCACTA-1,4
GATGAGGAGTCATGCT-1,3
GATGAGGAGTTGAGTA-1,4
GATGAGGGTAACGCGA-1,1
GATGAGGGTCGAACAG-1,3
GATGAGGGTCGACTAT-1,5
GATGAGGGTCGCTTCT-1,4
GATGAGGGTTCAGACT-1,4
GATGAGGTCCATTCTA-1,2
GATGAGGTCCGAATGT-1,4
GATGCTACACATCTTT-1,3
GATGCTACAGATGGGT-1,3
GATGCTACAGCGTAAG-1,3
GATGCTACAGGTTTCA-1,4
GATGCTACATTTCACT-1,2
GATGCTAGTGAGTGAC-1,1
GATGCTAGTGTGTGCC-1,1
GATGCTAGTGTTAAGA-1,3
GATGCTAGTTGAGTTC-1,3
GATGCTAGTTGATTCG-1,1
GATTCAGAGATGGCGT-1,7
GATTCAGAGCGTAGTG-1,3
GATTCAGAGGCAATTA-1,4
GATTCAGAGGTGATTA-1,1
GATTCAGCAATGGAAT-1,5
GATTCAGCAGATGAGC-1,3
GATTCAGCATCACCCT-1,3
GATTCAGGTGGCGAAT-1,6
GATTCAGTCGCGTAGC-1,1
GATTCAGTCTTAGAGC-1,1
GCAAACTAGAAGGACA-1,2
GCAAACTAGCTGAACG-1,1
GCAAACTCATATACCG-1,4
GCAAACTGTACAGTTC-1,7
GCAAACTGTATTAGCC-1,2
GCAAACTGTCGATTGT-1,2
GCAAACTGTCTTCAAG-1,2
GCAAACTGTGTTGGGA-1,3
GCAAACTTCAGCATGT-1,3
GCAATCAAGACCGGAT-1,3
GCAATCACACCCAGTG-1,1
GCAATCACAGATAATG-1,1
GCAATCAGTAACGTTC-1,6
GCAATCATCAGAAATG-1,1
GCACATAAGCCGCCTA-1,1
GCACATAAGCTCCCAG-1,8
GCACATAAGGCCATAG-1,1
GCACATAAGTTAGCGG-1,1
GCACATACAAACAACA-1,4
GCACATAGTAGAGGAA-1,1
GCACATAGTCTTCTCG-1,5
GCACATATCACGCATA-1,5
GCACATATCCGTTGCT-1,6
GCACTCTAGAGATGAG-1,3
GCACTCTAGCGTAGTG-1,5
GCACTCTAGTGCCAGA-1,2
GCACTCTCATGAGCGA-1,3
GCACTCTGTTAGATGA-1,1
GCACTCTTCAGTCCCT-1,5
GCACTCTTCAGTTTGG-1,1
GCACTCTTCATGTCTT-1,4
GCACTCTTCATTCACT-1,3
GCACTCTTCTGAGGGA-1,1
GCACTCTTCTGCTGCT-1,2
GCAGCCAAGTCTTGCA-1,5
GCAGCCACAAGGTTCT-1,6
GCAGCCAGTATGAAAC-1,5
GCAGCCAGTCGGCACT-1,4
GCAGCCAGTGTTTGTG-1,2
GCAGCCAGTTTAGGAA-1,4
GCAGCCATCATCGCTC-1,3
GCAGTTAAGGGATACC-1,3
GCAGTTACACGAAACG-1,4
GCAGTTACATGAGCGA-1,2
GCAGTTACATTGGGCC-1,4
GCAGTTAGTGGCCCTA-1,5
GCAGTTATCTCGATGA-1,2
GCAGTTATCTTAGCCC-1,2
GCATACAAGACAGAGA-1,1
GCATACAAGCAATCTC-1,4
GCATACAAGTCGTTTG-1,2
GCATACACAATACGCT-1,4
GCATACACAATTGCTG-1,5
GCATACAGTCAGATAA-1,3
GCATACAGTCTAGCCG-1,2
GCATACAGTTTAAGCC-1,4
GCATACATCCCATTAT-1,4
GCATACATCGCAAACT-1,2
GCATACATCGTACGGC-1,4
GCATACATCTTTAGGG-1,8
GCATGATAGCGATATA-1,6
GCATGATCAAAGCGGT-1,1
GCATGATCAAGCTGAG-1,2
GCATGATCAATCCAAC-1,3
GCATGATCACCAGCAC-1,2
GCATGATCAGTCGATT-1,1
GCATGATGTAGGCTGA-1,1
GCATGATGTCTCAACA-1,1
GCATGATGTTAAGTAG-1,4
GCATGATGTTACGCGC-1,4
GCATGATGTTGATTGC-1,1
GCATGATTCACAGTAC-1,1
GCATGATTCGGTTCGG-1,1
GCATGCGAGACTGGGT-1,4
GCATGCGAGCGCTCCA-1,2
GCATGCGAGGATGTAT-1,1
GCATGCGAGTACGTTC-1,4
GCATGCGCAAGCGAGT-1,1
GCATGCGCAGACGCTC-1,4
GCATGCGCAGATAATG-1,2
GCATGCGCATCGATTG-1,1
GCATGCGGTCAACTGT-1,4
GCATGCGGTCTGCGGT-1,2
GCATGCGGTGAGGCTA-1,3
GCATGTAAGAACTGTA-1,5
GCATGTAAGTACGTAA-1,8
GCATGTAAGTTACGGG-1,4
GCATGTACAGCTGCTG-1,5
GCATGTACAGTTTACG-1,2
GCATGTAGTAGCCTCG-1,5
GCATGTAGTCAACTGT-1,4
GCATGTAGTCAGGACA-1,2
GCATGTAGTTAAGACA-1,3
GCATGTAGTTCACGGC-1,4
GCATGTATCACCCTCA-1,3
GCATGTATCAGAAATG-1,4
GCATGTATCTTGCAAG-1,4
GCCAAATAGAGCCTAG-1,2
GCCAAATAGCGATATA-1,4
GCCAAATAGTGCTGCC-1,3
GCCAAATCATACAGCT-1,1
GCCAAATCATGCAACT-1,1
GCCAAATGTCGTTGTA-1,5
GCCAAATGTCTCCATC-1,5
GCCAAATTCTAAGCCA-1,2
GCCAAATTCTGCAGTA-1,4
GCCTCTAAGACAATAC-1,1
GCCTCTAAGAGCAATT-1,1
GCCTCTAAGCAGCGTA-1,4
GCCTCTAAGGCAGGTT-1,1
GCCTCTAAGGGAACGG-1,8
GCCTCTACATGTCCTC-1,4
GCGACCAAGAAGCCCA-1,2
GCGACCACACGAGAGT-1,5
GCGACCACAGTCGATT-1,7
GCGACCAGTAATCACC-1,1
GCGACCAGTGCAGACA-1,2
GCGACCAGTTCCCTTG-1,5
GCGAGAAAGAATGTGT-1,3
GCGAGAAAGACAGGCT-1,1
GCGAGAAAGTGTGGCA-1,5
GCGAGAAAGTTAAGTG-1,2
GCGAGAACAAGTTGTC-1,7
GCGAGAACACAACGTT-1,1
GCGAGAACACAGGAGT-1,1
GCGAGAACATTGGTAC-1,2
GCGAGAAGTAAACGCG-1,4
GCGAGAAGTCATCCCT-1,2
GCGAGAAGTTACTGAC-1,3
GCGAGAAGTTCTGGTA-1,4
GCGAGAATCACAGGCC-1,5
GCGAGAATCAGCACAT-1,1
GCGAGAATCGACGGAA-1,3
GCGAGAATCTAACTCT-1,1
GCGAGAATCTACTCAT-1,5
GCGCAACAGCGATCCC-1,6
GCGCAACAGCGTGTCC-1,4
GCGCAACAGGCGTACA-1,2
GCGCAACCAACGATCT-1,4
GCGCAACCAAGGTTTC-1,4
GCGCAACCAGGTGGAT-1,5
GCGCAACCAGTCAGCC-1,5
GCGCAACGTCGGATCC-1,4
GCGCAACGTGTCAATC-1,2
GCGCAACGTTAGGGTG-1,2
GCGCAACGTTGCGCAC-1,3
GCGCAACTCACGAAGG-1,1
GCGCAACTCGTTTGCC-1,1
GCGCAACTCTCATTCA-1,4
GCGCAGTAGAGCTATA-1,1
GCGCAGTAGCACCGCT-1,2
GCGCAGTAGCGTGTCC-1,2
GCGCAGTCAGCGTAAG-1,7
GCGCAGTCATTGTGCA-1,7
GCGCAGTCATTTGCCC-1,2
GCGCAGTGTCTGCGGT-1,1
GCGCCAAAGGCTAGAC-1,3
GCGCCAACAGCTTAAC-1,1
GCGCCAACATTCACTT-1,1
GCGCCAAGTACGAAAT-1,1
GCGCCAAGTCATGCAT-1,7
GCGCCAAGTTCAGCGC-1,1
GCGCCAATCAAACCAC-1,2
GCGCCAATCATCACCC-1,4
GCGCCAATCGTAGGTT-1,2
GCGCGATAGACTACAA-1,5
GCGCGATAGGATGCGT-1,3
GCGCGATAGTGTTGAA-1,1
GCGCGATCACATCTTT-1,1
GCGCGATCAGTCACTA-1,5
GCGCGATCATAGGATA-1,5
GCGCGATTCCTTTCTC-1,4
GCGCGATTCGGTGTTA-1,4
GCGCGATTCGTCTGAA-1,2
GCGGGTTAGCGTTTAC-1,2
GCGGGTTAGCTAAGAT-1,1
GCGGGTTAGTCGATAA-1,6
GCGGGTTCAATAAGCA-1,2
GCGGGTTGTCTTCTCG-1,2
GCGGGTTGTGAAAGAG-1,5
GCGGGTTGTGGGTATG-1,3
GCGGGTTTCCAAGTAC-1,2
GCTCCTAAGAGAACAG-1,1
GCTCCTACAAAGTGCG-1,3
GCTCCTACAGCCAGAA-1,3
GCTCCTAGTTCTGAAC-1,5
GCTCCTATCTGGTGTA-1,1
GCTCTGTAGCGCCTCA-1,1
GCTCTGTAGTTTCCTT-1,1
GCTCTGTCAAGCGCTC-1,1
GCTCTGTCAAGTCTGT-1,4
GCTCTGTCACATAACC-1,6
GCTCTGTCATTCGACA-1,1
GCTCTGTGTAGCGCAA-1,1
GCTCTGTGTTAAGAAC-1,1
GCTCTGTTCACGAAGG-1,2
GCTCTGTTCATCGGAT-1,6
GCTCTGTTCTTACCTA-1,3
GCTGCAGAGGATGGAA-1,2
GCTGCAGAGGTACTCT-1,4
GCTGCAGCACAGTCGC-1,3
GCTGCAGGTGCATCTA-1,1
GCTGCAGGTTGTGGCC-1,1
GCTGCAGTCACTTCAT-1,2
GCTGCAGTCTGCCAGG-1,1
GCTGCGAAGCCGTCGT-1,2
GCTGCGAAGCTGTTCA-1,1
GCTGCGAAGGCTAGGT-1,1
GCTGCGACAAGCGAGT-1,1
GCTGCGACAATGGAGC-1,2
GCTGCGACATAACCTG-1,7
GCTGCGAGTGGCAAAC-1,1
GCTGCGATCAACACGT-1,1
GCTGCGATCAAGCCTA-1,3
GCTGCGATCCGAGCCA-1,3
GCTGCGATCGTTGCCT-1,6
GCTGCTTAGAGCTGCA-1,6
GCTGCTTAGAGGTAGA-1,3
GCTGCTTAGCTCCTTC-1,3
GCTGCTTAGGACCACA-1,1
GCTGCTTAGGCTAGAC-1,1
GCTGCTTAGGTAGCCA-1,5
GCTGCTTCACAGCGTC-1,6
GCTGCTTCAGACGCTC-1,1
GCTGCTTCAGGGAGAG-1,1
GCTGCTTCATTCGACA-1,1
GCTGCTTGTTAAGGGC-1,6
GCTGCTTTCGTTGACA-1,2
GCTGGGTAGAAGGTTT-1,4
GCTGGGTAGGTAGCTG-1,4
GCTGGGTCACCTCGTT-1,6
GCTGGGTCACTTAAGC-1,7
GCTGGGTCAGCTGTGC-1,4
GCTGGGTCAGGAATGC-1,1
GCTGGGTCAGTATGCT-1,4
GCTGGGTGTAGCGTAG-1,7
GCTGGGTGTAGTAGTA-1,1
GCTGGGTGTCAGCTAT-1,1
GCTGGGTGTGACTACT-1,4
GCTGGGTGTTAAAGAC-1,1
GCTGGGTTCCATGAAC-1,2
GCTGGGTTCTTGTTTG-1,1
GCTTCCAAGAGCTGGT-1,4
GCTTCCAAGCTACCGC-1,4
GCTTCCAAGCTTATCG-1,5
GCTTCCAAGGAATCGC-1,1
GCTTCCAAGTCTCGGC-1,3
GCTTCCACACGAGAGT-1,2
GCTTCCACAGCTCGCA-1,3
GCTTCCAGTCGCATAT-1,2
GCTTCCAGTCTGCAAT-1,2
GCTTCCATCCTACAGA-1,3
GCTTCCATCTCCTATA-1,1
GCTTGAACAAATCCGT-1,6
GCTTGAACAACGCACC-1,3
GCTTGAACACAGACAG-1,2
GCTTGAACACAGTCGC-1,3
GCTTGAACACCAGTTA-1,4
GCTTGAACACTTCGAA-1,1
GCTTGAACAGCTGTGC-1,4
GCTTGAAGTAGCTGCC-1,3
GCTTGAAGTCGGATCC-1,7
GCTTGAAGTTCCTCCA-1,3
GCTTGAATCGCTAGCG-1,1
GCTTGAATCTTGAGGT-1,2
GGAAAGCAGCCAGAAC-1,2
GGAAAGCAGGAGTAGA-1,8
GGAAAGCCAAGCCATT-1,5
GGAAAGCGTCGCTTTC-1,3
GGAAAGCTCGAATGCT-1,3
GGAAAGCTCTTGACGA-1,5
GGAACTTAGCCAGGAT-1,2
GGAACTTAGTTCCACA-1,2
GGAACTTCAGACAAGC-1,3
GGAACTTTCACTCCTG-1,2
GGAACTTTCACTTCAT-1,1
GGAACTTTCATATCGG-1,5
GGAACTTTCGATCCCT-1,1
GGAATAAAGCTCAACT-1,1
GGAATAACAAGGTTTC-1,3
GGAATAACACAAGACG-1,1
GGAATAACACAGCGTC-1,4
GGAATAACAGGCTGAA-1,2
GGAATAAGTTTGACTG-1,2
GGAATAATCACCTTAT-1,2
GGAATAATCGGAAACG-1,1
GGACAAGAGAAGCCCA-1,5
GGACAAGAGCCATCGC-1,5
GGACAAGAGGTACTCT-1,3
GGACAAGCAATCTACG-1,7
GGACAAGCAGCGTAAG-1,2
GGACAAGGTCTTGATG-1,2
GGACAAGTCAGTTCGA-1,3
GGACAAGTCATAAAGG-1,4
GGACAAGTCGTTGCCT-1,6
GGACAAGTCTCAAGTG-1,4
GGACAGACAGATGGGT-1,1
GGACAGACAGCTTCGG-1,1
GGACAGACAGTCAGAG-1,3
GGACAGAGTATAGGTA-1,4
GGACATTCACAGTCGC-1,3
GGACATTCACTCTGTC-1,7
GGACATTCATGAAGTA-1,1
GGACATTCATTGCGGC-1,8
GGACATTGTCTCAACA-1,7
GGACATTGTGGCGAAT-1,8
GGACATTTCGAACGGA-1,3
GGACGTCAGAGTAATC-1,2
GGACGTCCATCCGTGG-1,1
GGACGTCCATGAACCT-1,1
GGACGTCGTAAATACG-1,4
GGACGTCGTCGTTGTA-1,1
GGACGTCTCTTGAGGT-1,3
GGAGCAAAGAAACGCC-1,1
GGAGCAAAGACACGAC-1,2
GGAGCAAAGATGCCAG-1,1
GGAGCAAAGATGTGGC-1,8
GGAGCAAAGTGTTTGC-1,2
GGAGCAAGTCCGTGAC-1,7
GGAGCAAGTGGACGAT-1,4
GGAGCAATCATTGCGA-1,3
GGAGCAATCGCTTGTC-1,8
GGAGCAATCGTCACGG-1,3
GGATGTTCAGATCGGA-1,3
GGATGTTGTATCGCAT-1,6
GGATGTTGTCACTGGC-1,5
GGATGTTGTCCAAGTT-1,5
GGATGTTGTCTGCCAG-1,2
GGATGTTTCAGTCAGT-1,7
GGATGTTTCATACGGT-1,8
GGATTACAGAGTAAGG-1,1
GGATTACAGATCCGAG-1,6
GGATTACAGCGATATA-1,2
GGATTACAGCTTCGCG-1,3
GGATTACAGGCTATCT-1,4
GGATTACAGTCAATAG-1,6
GGATTACAGTGGAGAA-1,5
GGATTACCATAGGATA-1,4
GGATTACGTACAAGTA-1,5
GGATTACTCCCTAATT-1,4
GGCAATTAGAATCTCC-1,2
GGCAATTAGCGTGAAC-1,8
GGCAATTGTAAGAGGA-1,4
GGCAATTGTAGCACGA-1,7
GGCAATTGTCGCTTCT-1,1
GGCAATTGTGATGTGG-1,2
GGCAATTGTGTTGGGA-1,8
GGCAATTGTTCCATGA-1,1
GGCAATTTCTCACATT-1,1
GGCCGATAGAACTGTA-1,1
GGCCGATAGGTACTCT-1,7
GGCCGATAGTCGATAA-1,4
GGCCGATAGTCGTTTG-1,2
GGCCGATAGTGCTGCC-1,5
GGCCGATCACCTTGTC-1,1
GGCCGATGTGGCGAAT-1,6
GGCCGATGTGGTACAG-1,3
GGCCGATGTTGGTAAA-1,4
GGCCGATTCACCCTCA-1,1
GGCCGATTCGGTGTTA-1,4
GGCGACTAGTGTACTC-1,4
GGCGACTAGTGTGAAT-1,2
GGCGACTAGTGTGGCA-1,3
GGCGACTCAATGGACG-1,8
GGCGACTCAGGAATGC-1,1
GGCGACTCATGGATGG-1,1
GGCGACTGTAGCCTAT-1,3
GGCGACTGTTAGATGA-1,4
GGCGACTGTTATGCGT-1,5
GGCGACTGTTCTCATT-1,3
GGCGACTTCAACCAAC-1,1
GGCGTGTAGATCCTGT-1,1
GGCGTGTAGCTAGTCT-1,5
GGCGTGTAGTAAGTAC-1,3
GGCGTGTCAAGCGTAG-1,3
GGCGTGTGTAAGCACG-1,2
GGCGTGTGTAGATTAG-1,1
GGCGTGTGTATTAGCC-1,5
GGCGTGTGTTGAACTC-1,2
GGCGTGTTCTGAGTGT-1,1
GGCTCGAAGAAGGTGA-1,3
GGCTCGAAGAATTCCC-1,1
GGCTCGAAGGCTCATT-1,5
GGCTCGAAGTTGCAGG-1,1
GGCTCGAGTAGCACGA-1,5
GGCTCGATCCAGGGCT-1,2
GGCTCGATCCATGAAC-1,1
GGCTGGTAGAGCTGCA-1,1
GGCTGGTAGATACACA-1,1
GGCTGGTAGCCGCCTA-1,1
GGCTGGTAGCGGCTTC-1,3
GGCTGGTAGCGTCAAG-1,2
GGCTGGTAGTTAGGTA-1,4
GGCTGGTCAAAGCGGT-1,5
GGCTGGTCAAGAAAGG-1,3
GGCTGGTCACTGTCGG-1,2
GGCTGGTCAGCGATCC-1,3
GGCTGGTCAGTCGATT-1,8
GGCTGGTCATCGTCGG-1,4
GGCTGGTCATTCACTT-1,8
GGCTGGTGTTATGCGT-1,6
GGCTGGTGTTGATTGC-1,1
GGCTGGTGTTTAGGAA-1,4
GGCTGGTTCCCTCTTT-1,1
GGCTGGTTCGTTGCCT-1,4
GGGAATGCACGGCCAT-1,5
GGGAATGCATGATCCA-1,2
GGGAATGGTACCCAAT-1,3
GGGAATGGTACTTGAC-1,3
GGGAATGGTCGCTTCT-1,2
GGGAATGGTGTAACGG-1,5
GGGAATGGTTGATTCG-1,2
GGGAATGTCTACCTGC-1,5
GGGAATGTCTATCCCG-1,2
GGGACCTAGCCTATGT-1,5
GGGACCTAGCGTCAAG-1,1
GGGACCTCAAATTGCC-1,1
GGGACCTCATAACCTG-1,1
GGGACCTTCACGACTA-1,1
GGGAGATAGAAGGGTA-1,1
GGGAGATAGATCTGCT-1,2
GGGAGATCAAGGTTTC-1,1
GGGAGATCAGCTGTGC-1,1
GGGAGATCATACGCCG-1,1
GGGAGATGTGCTTCTC-1,8
GGGAGATGTTCCACGG-1,1
GGGAGATTCACCATAG-1,8
GGGAGATTCATAGCAC-1,5
GGGAGATTCCTTTCGG-1,1
GGGAGATTCTGTACGA-1,1
GGGATGAAGAGGGATA-1,7
GGGATGAAGCAGACTG-1,1
GGGATGAAGTTTCCTT-1,3
GGGATGACAATGTAAG-1,5
GGGATGACAGTAGAGC-1,5
GGGATGACAGTCGTGC-1,8
GGGATGACATCGGTTA-1,6
GGGATGATCATAAAGG-1,1
GGGATGATCGGAAACG-1,1
GGGATGATCTACTTAC-1,2
GGGCACTAGATCCCAT-1,1
GGGCACTAGGTGATTA-1,2
GGGCACTCACATGTGT-1,2
GGGCACTCAGCCTTGG-1,1
GGGCACTGTAACGTTC-1,7
GGGCACTGTGATGTGG-1,8
GGGCACTTCACTCTTA-1,1
GGGCATCAGACACGAC-1,2
GGGCATCAGCACAGGT-1,4
GGGCATCAGTACGATA-1,1
GGGCATCCATTGGGCC-1,1
GGGCATCGTAGCTTGT-1,7
GGGCATCTCAGAGGTG-1,1
GGGCATCTCTCTTATG-1,2
GGGTCTGCAACACCCG-1,2
GGGTCTGCACTCAGGC-1,5
GGGTCTGCAGCTTCGG-1,3
GGGTCTGGTAGAGGAA-1,2
GGGTCTGGTAGCAAAT-1,3
GGGTCTGGTGTTTGGT-1,1
GGGTCTGGTTCCACTC-1,4
GGGTCTGTCGTAGATC-1,2
GGGTCTGTCTCATTCA-1,4
GGGTTGCAGAAGCCCA-1,1
GGGTTGCAGCCAGGAT-1,3
GGGTTGCAGGTCGGAT-1,3
GGGTTGCCACGGATAG-1,1
GGGTTGCTCAATCTCT-1,5
GGGTTGCTCGCCAAAT-1,5
GGGTTGCTCTCTGCTG-1,3
GGGTTGCTCTGTCCGT-1,2
GGTATTGAGTGTCCAT-1,4
GGTATTGCAACTGGCC-1,3
GGTATTGCAGCCTTGG-1,5
GGTATTGGTGAGGCTA-1,2
GGTATTGGTGTCCTCT-1,4
GGTATTGTCAGCTCTC-1,1
GGTATTGTCCTCTAGC-1,2
GGTATTGTCTGACCTC-1,7
GGTGAAGAGTACGATA-1,2
GGTGAAGAGTCCATAC-1,1
GGTGAAGAGTCTTGCA-1,3
GGTGAAGCAATGACCT-1,7
GGTGAAGCAGGCAGTA-1,3
GGTGAAGCAGTAACGG-1,5
GGTGAAGGTACCTACA-1,1
GGTGAAGGTGTTGGGA-1,1
GGTGAAGGTTGCGCAC-1,4
GGTGCGTAGCGCCTCA-1,6
GGTGCGTCACGAGAGT-1,4
GGTGCGTCATCGGACC-1,1
GGTGCGTGTCAGGACA-1,7
GGTGCGTGTTGCGTTA-1,1
GGTGCGTTCAAACCGT-1,4
GGTGCGTTCGCAGGCT-1,2
GGTGCGTTCTCGCTTG-1,4
GGTGTTAAGATCGATA-1,8
GGTGTTAAGCGTGAGT-1,2
GGTGTTAAGCTAGCCC-1,1
GGTGTTACAATAACGA-1,2
GGTGTTACACTGAAGG-1,1
GGTGTTACATGCAATC-1,2
GGTGTTAGTGATGCCC-1,4
GGTGTTATCCTTTACA-1,3
GTAACGTAGAGGTAGA-1,6
GTAACGTCAATGTAAG-1,2
GTAACGTCACAGAGGT-1,6
GTAACGTCACCCATGG-1,4
GTAACGTTCAGTCCCT-1,8
GTAACGTTCCACGTGG-1,4
GTAACGTTCCTGCAGG-1,6
GTAACTGAGACTACAA-1,1
GTAACTGAGAGATGAG-1,5
GTAACTGCAGTATAAG-1,8
GTAACTGGTCGTGGCT-1,5
GTAACTGGTCTCGTTC-1,6
GTAACTGGTTCACGGC-1,7
GTAACTGGTTGGACCC-1,1
GTAACTGTCATGTCCC-1,3
GTAACTGTCCATGCTC-1,1
GTAACTGTCCTATTCA-1,2
GTACGTAAGATCCCAT-1,8
GTACGTAAGGCTAGCA-1,5
GTACGTAAGGGTCTCC-1,1
GTACGTAAGTACTTGC-1,4
GTACGTACAACAACCT-1,1
GTACGTACACACGCTG-1,1
GTACGTACATCGGAAG-1,5
GTACGTAGTAAGTTCC-1,8
GTACGTAGTGTAAGTA-1,2
GTACGTATCAAACCAC-1,4
GTACGTATCCCTCTTT-1,4
GTACGTATCTCACATT-1,2
GTACGTATCTCGTATT-1,2
GTACGTATCTTCATGT-1,1
GTACTCCAGACGCTTT-1,1
GTACTCCAGAGATGAG-1,4
GTACTCCAGGATATAC-1,5
GTACTCCCAACTTGAC-1,7
GTACTCCCAATAACGA-1,2
GTACTCCCACGAGAGT-1,5
GTACTCCGTGTGCGTC-1,1
GTACTCCGTTAGGGTG-1,1
GTACTCCTCCGTCATC-1,4
GTACTTTAGTCCTCCT-1,8
GTACTTTCACGTCAGC-1,4
GTACTTTCACTAGTAC-1,5
GTACTTTCATGAAGTA-1,1
GTACTTTGTAACGACG-1,2
GTACTTTGTCGCTTCT-1,2
GTACTTTTCCTGCTTG-1,1
GTACTTTTCGAGCCCA-1,1
GTACTTTTCGGATGTT-1,5
GTAGGCCAGGATGGAA-1,1
GTAGGCCCACAGGTTT-1,1
GTAGGCCCACCATCCT-1,2
GTAGGCCCACTAGTAC-1,4
GTAGGCCGTACGCTGC-1,2
GTAGGCCGTTCAGCGC-1,5
GTAGGCCGTTGTCTTT-1,2
GTAGGCCGTTTGGCGC-1,7
GTAGGCCTCCAGTATG-1,1
GTAGGCCTCCATGAGT-1,5
GTAGTCAAGAAGCCCA-1,2
GTAGTCAAGCGTAGTG-1,1
GTAGTCAAGGGTCTCC-1,3
GTAGTCACAAGCCGTC-1,4
GTAGTCACACGACGAA-1,1
GTAGTCACAGACAGGT-1,3
GTAGTCAGTCTTGCGG-1,7
GTAGTCATCACTTCAT-1,1
GTAGTCATCAGCTCTC-1,8
GTAGTCATCCAGTATG-1,2
GTAGTCATCTGTGCAA-1,1
GTATCTTAGGCTCAGA-1,2
GTATCTTAGTATTGGA-1,1
GTATCTTAGTGTTAGA-1,1
GTATCTTAGTTGTAGA-1,1
GTATCTTCAGATTGCT-1,1
GTATCTTCAGGATCGA-1,6
GTATCTTCATATGAGA-1,2
GTATCTTGTGTGAATA-1,2
GTATCTTGTTCGCTAA-1,1
GTATCTTTCATCATTC-1,5
GTATCTTTCCCAGGTG-1,4
GTATTCTAGAAAGTGG-1,1
GTATTCTAGGATGGAA-1,1
GTATTCTAGTATCTCG-1,5
GTATTCTCAATCCGAT-1,2
GTATTCTCACGTAAGG-1,4
GTATTCTGTAGGCTGA-1,4
GTATTCTGTAGTGAAT-1,7
GTATTCTGTCCAGTAT-1,1
GTATTCTGTCGACTGC-1,2
GTATTCTTCAAGAAGT-1,4
GTATTCTTCGTTTATC-1,2
GTATTCTTCTGATACG-1,2
GTATTCTTCTTGCAAG-1,8
GTCAAGTAGGGCTTGA-1,4
GTCAAGTCACACATGT-1,4
GTCAAGTCATCCAACA-1,2
GTCAAGTGTGCAACGA-1,2
GTCAAGTTCTAACTTC-1,5
GTCACAAAGGCAATTA-1,3
GTCACAAAGTGGTAGC-1,8
GTCACAAAGTGTTAGA-1,4
GTCACAACACATGACT-1,6
GTCACAACACCACGTG-1,1
GTCACAAGTATTCGTG-1,2
GTCACAAGTTGCCTCT-1,2
GTCACAATCCGGGTGT-1,2
GTCACGGAGCGAAGGG-1,3
GTCACGGAGCGATCCC-1,1
GTCACGGAGGGAGTAA-1,5
GTCACGGCAGATCTGT-1,3
GTCACGGCAGCCTATA-1,1
GTCACGGCATCGATGT-1,3
GTCACGGCATGTAAGA-1,5
GTCACGGGTAAGTTCC-1,7
GTCACGGGTCAGCTAT-1,3
GTCACGGGTCCGAAGA-1,6
GTCACGGTCAGCCTAA-1,2
GTCACGGTCAGTCAGT-1,6
GTCATTTAGAGACGAA-1,4
GTCATTTAGATGCCTT-1,3
GTCATTTAGCTATGCT-1,3
GTCATTTAGGCAGTCA-1,7
GTCATTTAGGGAAACA-1,3
GTCATTTCATGATCCA-1,1
GTCATTTGTCTCAACA-1,3
GTCATTTGTTGTGGCC-1,1
GTCCTCAAGCCGCCTA-1,1
GTCCTCACAAACCTAC-1,4
GTCCTCACAATCGGTT-1,2
GTCCTCACACTCTGTC-1,1
GTCCTCACAGAGTGTG-1,1
GTCCTCACATCGGGTC-1,2
GTCCTCAGTAAGTGGC-1,1
GTCCTCAGTACGCACC-1,1
GTCCTCAGTGCCTTGG-1,1
GTCCTCAGTTGAGTTC-1,1
GTCCTCATCACAATGC-1,7
GTCCTCATCCCATTAT-1,1
GTCCTCATCTAAGCCA-1,4
GTCCTCATCTATCCTA-1,3
GTCCTCATCTGAGTGT-1,4
GTCCTCATCTTCAACT-1,1
GTCGGGTCAAGCGATG-1,5
GTCGGGTCACGTTGGC-1,2
GTCGGGTGTGCAGTAG-1,8
GTCGGGTGTTCCACAA-1,1
GTCGGGTTCACGGTTA-1,7
GTCGGGTTCTGCTTGC-1,3
GTCGTAAAGGTGTTAA-1,6
GTCGTAACAATGGAAT-1,1
GTCGTAAGTTTGGGCC-1,2
GTCGTAATCCGAGCCA-1,5
GTCTCGTAGGGTTTCT-1,2
GTCTCGTAGTGCCATT-1,4
GTCTCGTCAAACGCGA-1,1
GTCTCGTCAATGACCT-1,2
GTCTCGTGTGATGTGG-1,7
GTCTCGTGTTTCGCTC-1,5
GTCTCGTTCAAAGACA-1,4
GTCTCGTTCAACACGT-1,4
GTCTCGTTCAACCAAC-1,2
GTCTCGTTCATCTGTT-1,1
GTCTCGTTCCCACTTG-1,2
GTCTCGTTCCTATGTT-1,6
GTCTCGTTCGCAGGCT-1,3
GTCTCGTTCTACTCAT-1,1
GTCTTCGAGGGCTCTC-1,3
GTCTTCGCACATCTTT-1,3
GTCTTCGGTCTCTCTG-1,6
GTCTTCGGTGACTCAT-1,5
GTCTTCGGTTCCACTC-1,1
GTCTTCGGTTCTGTTT-1,1
GTCTTCGGTTTCCACC-1,7
GTCTTCGTCAACGGCC-1,8
GTCTTCGTCGATCCCT-1,4
GTGAAGGAGACAAGCC-1,4
GTGAAGGAGAGTAATC-1,3
GTGAAGGAGCCAGAAC-1,7
GTGAAGGAGCTACCGC-1,1
GTGAAGGAGGATGGAA-1,1
GTGAAGGAGTGCAAGC-1,2
GTGAAGGCAATAGAGT-1,4
GTGAAGGCACCCTATC-1,1
GTGAAGGGTGATGTGG-1,4
GTGAAGGGTTGGTGGA-1,5
GTGAAGGTCCACGTGG-1,2
GTGAAGGTCGTCACGG-1,5
GTGCAGCAGCGTCTAT-1,2
GTGCAGCAGCTTTGGT-1,4
GTGCAGCCACTTAAGC-1,1
GTGCAGCCAGGCAGTA-1,4
GTGCAGCCATGCGCAC-1,3
GTGCAGCCATTCGACA-1,5
GTGCAGCGTGACGGTA-1,5
GTGCAGCTCAAGGTAA-1,6
GTGCAGCTCAGTTAGC-1,3
GTGCAGCTCATACGGT-1,4
GTGCATAAGAACTCGG-1,3
GTGCATAAGCTAAGAT-1,1
GTGCATAAGGACGAAA-1,4
GTGCATAGTAACGACG-1,7
GTGCATAGTAAGAGGA-1,3
GTGCGGTAGACGACGT-1,1
GTGCGGTCAATCGGTT-1,6
GTGCGGTCATCCGGGT-1,8
GTGCGGTGTAAGTAGT-1,3
GTGCGGTTCTAACTGG-1,4
GTGCTTCAGACTTGAA-1,3
GTGCTTCAGCCCAGCT-1,2
GTGCTTCAGGCTAGAC-1,7
GTGCTTCAGGCTCTTA-1,7
GTGCTTCCACCACGTG-1,4
GTGCTTCCAGCTGTAT-1,1
GTGCTTCCAGGGTTAG-1,1
GTGCTTCGTTCCCTTG-1,4
GTGCTTCGTTGTCTTT-1,4
GTGCTTCTCCACTGGG-1,3
GTGCTTCTCTTAGCCC-1,3
GTGGGTCAGACCCACC-1,2
GTGGGTCAGACTAAGT-1,1
GTGGGTCAGAGAACAG-1,2
GTGGGTCAGTACGATA-1,3
GTGGGTCCAGCTCGAC-1,5
GTGGGTCCATACGCCG-1,3
GTGGGTCGTCAGAGGT-1,2
GTGGGTCGTCCGAAGA-1,2
GTGGGTCGTTCGTGAT-1,4
GTGGGTCTCTGATTCT-1,5
GTGTGCGAGTACGATA-1,1
GTGTGCGGTAGCTTGT-1,4
GTGTGCGGTCCTAGCG-1,1
GTGTGCGTCGAGAGCA-1,1
GTGTGCGTCGGCTTGG-1,3
GTGTGCGTCTAACTGG-1,4
GTGTTAGAGAATGTTG-1,7
GTGTTAGAGTCAAGGC-1,1
GTGTTAGCAAACAACA-1,3
GTGTTAGCATCACCCT-1,3
GTGTTAGTCACGCATA-1,2
GTGTTAGTCGCGGATC-1,1
GTGTTAGTCGGCGGTT-1,2
GTTAAGCAGTGAACGC-1,2
GTTAAGCAGTGAAGAG-1,2
GTTAAGCCAATCCGAT-1,1
GTTAAGCGTCGCATAT-1,4
GTTAAGCTCAATCACG-1,1
GTTAAGCTCCACTCCA-1,7
GTTACAGAGGTAGCCA-1,6
GTTACAGAGTTATCGC-1,2
GTTACAGGTCGCATCG-1,4
GTTACAGGTCGTGGCT-1,1
GTTACAGGTCTCTTAT-1,2
GTTACAGTCCGGCACA-1,4
GTTCATTAGCTGTTCA-1,1
GTTCATTAGGGTGTGT-1,3
GTTCATTAGTTAACGA-1,3
GTTCATTCAGGGTTAG-1,4
GTTCATTCATCTCCCA-1,1
GTTCATTTCGCCATAA-1,2
GTTCGGGAGAGTCTGG-1,1
GTTCGGGAGGGTCTCC-1,2
GTTCGGGCAAGTTAAG-1,3
GTTCGGGCAGATCTGT-1,6
GTTCGGGCAGTAGAGC-1,1
GTTCGGGCATCGATTG-1,5
GTTCGGGGTCATACTG-1,1
GTTCGGGGTCGAGATG-1,1
GTTCGGGGTTAAGTAG-1,4
GTTCGGGGTTCACCTC-1,1
GTTCGGGTCTTGAGAC-1,2
GTTCTCGAGAAACGCC-1,4
GTTCTCGCACCAGCAC-1,4
GTTCTCGCACTAAGTC-1,1
GTTCTCGCATGCCTAA-1,1
GTTCTCGGTCCTGCTT-1,8
GTTCTCGGTCTCACCT-1,1
GTTCTCGGTGGCAAAC-1,4
GTTCTCGTCACCGGGT-1,3
GTTCTCGTCTTGACGA-1,5
GTTTCTAGTAAATGTG-1,1
GTTTCTAGTAAGTAGT-1,1
TAAACCGAGATGCCTT-1,5
TAAACCGAGCTATGCT-1,1
TAAACCGAGGCATTGG-1,1
TAAACCGCATGGTTGT-1,4
TAAACCGGTAGCAAAT-1,1
TAAACCGGTCTCACCT-1,4
TAAACCGTCACATGCA-1,2
TAAACCGTCACTGGGC-1,2
TAAACCGTCCCGGATG-1,2
TAAGAGAAGCCGATTT-1,4
TAAGAGAAGCTAACAA-1,1
TAAGAGAAGCTGTCTA-1,1
TAAGAGACACATTCGA-1,2
TAAGAGACACGTGAGA-1,1
TAAGAGAGTAGGGACT-1,6
TAAGAGAGTCTCGTTC-1,4
TAAGAGAGTGCCTGTG-1,5
TAAGAGAGTGCTAGCC-1,1
TAAGAGAGTTCCGTCT-1,3
TAAGAGATCGTAGGAG-1,4
TAAGCGTAGCTGAAAT-1,5
TAAGCGTAGTTTCCTT-1,1
TAAGCGTCACGTTGGC-1,1
TAAGCGTCACTGAAGG-1,5
TAAGCGTCATCGATTG-1,4
TAAGCGTGTCCCGACA-1,1
TAAGCGTTCACTTATC-1,4
TAAGCGTTCGCCGTGA-1,1
TAAGTGCAGCTGAAAT-1,1
TAAGTGCCACTGCCAG-1,2
TAAGTGCGTCCGTCAG-1,3
TAAGTGCTCGGTCTAA-1,3
TACACGAAGGGTCTCC-1,1
TACACGAAGTAACCCT-1,3
TACACGACAAGCCTAT-1,5
TACACGACACGTCTCT-1,5
TACACGACATATACGC-1,2
TACACGAGTACCGTTA-1,3
TACACGAGTGCACTTA-1,5
TACACGATCTAAGCCA-1,4
TACAGTGAGCCGTCGT-1,4
TACAGTGAGTACGCCC-1,1
TACAGTGCAACTGGCC-1,5
TACAGTGCAGACAAGC-1,3
TACAGTGCATACTCTT-1,2
TACAGTGGTAAGTAGT-1,3
TACAGTGGTATTACCG-1,3
TACAGTGGTCGACTGC-1,1
TACAGTGGTTTGCATG-1,5
TACAGTGTCCGCTGTT-1,1
TACAGTGTCGTACCGG-1,1
TACCTATAGTGGTCCC-1,5
TACCTATAGTTAACGA-1,8
TACCTATCACCAACCG-1,1
TACCTATCACGGACAA-1,2
TACCTATCACGGATAG-1,4
TACCTATCAGATGGGT-1,4
TACCTATCATTGGGCC-1,1
TACCTATGTCACACGC-1,8
TACCTATGTCCATGAT-1,8
TACCTATGTCTTCGTC-1,4
TACCTATTCAGGCGAA-1,2
TACCTATTCCAGAAGG-1,1
TACCTTAAGATGTGGC-1,3
TACCTTAAGTGTGAAT-1,7
TACCTTACAGAAGCAC-1,6
TACCTTACAGTGGGAT-1,4
TACCTTACATCCGGGT-1,3
TACCTTAGTTACTGAC-1,8
TACCTTAGTTTCGCTC-1,4
TACCTTATCACCACCT-1,3
TACCTTATCGATCCCT-1,1
TACGGATAGAAACGAG-1,2
TACGGATAGAAGGACA-1,5
TACGGATAGATGTTAG-1,7
TACGGATAGGTTCCTA-1,5
TACGGATCAATGAAAC-1,5
TACGGATGTAGGGTAC-1,1
TACGGATGTCTGGAGA-1,1
TACGGATTCGCGGATC-1,4
TACGGATTCTCTGTCG-1,4
TACGGATTCTTGTATC-1,1
TACGGGCCAGGGCATA-1,5
TACGGGCCATCCTTGC-1,2
TACGGGCGTCAGAATA-1,1
TACGGGCGTGCCTGCA-1,1
TACGGGCGTTAGGGTG-1,2
TACGGGCTCGGACAAG-1,5
TACGGTAAGGCGACAT-1,4
TACGGTACAACACCCG-1,1
TACGGTACACCCTATC-1,1
TACGGTACAGCTGTGC-1,3
TACGGTAGTCGAATCT-1,1
TACGGTATCAACACTG-1,1
TACGGTATCCGAAGAG-1,2
TACGGTATCGCTGATA-1,2
TACTCATAGGTAGCTG-1,7
TACTCATCAAGGTGTG-1,6
TACTCATCATATACGC-1,4
TACTCATGTTCGCTAA-1,2
TACTCATTCAGTTCGA-1,1
TACTCATTCGTACCGG-1,2
TACTCGCCAGGATCGA-1,5
TACTCGCGTACCAGTT-1,5
TACTCGCGTACCATCA-1,6
TACTCGCGTATAATGG-1,2
TACTCGCGTCGAGTTT-1,1
TACTCGCTCAACGGCC-1,2
TACTCGCTCCACTGGG-1,2
TACTTACAGAAACCTA-1,2
TACTTACAGGTTACCT-1,5
TACTTACCAAACGCGA-1,3
TACTTACCAATCGAAA-1,3
TACTTACCACTAGTAC-1,4
TACTTACCAGACAAGC-1,1
TACTTACGTAGTGAAT-1,1
TACTTACGTCCATGAT-1,5
TACTTACTCAAAGTAG-1,7
TACTTACTCGCGCCAA-1,3
TACTTACTCTTCTGGC-1,5
TACTTGTAGCCCGAAA-1,5
TACTTGTAGCGCCTTG-1,5
TACTTGTAGGGAACGG-1,7
TACTTGTAGTGCCAGA-1,2
TACTTGTCACCGTTGG-1,1
TACTTGTCAGGCTCAC-1,1
TACTTGTCATATACCG-1,7
TACTTGTGTAGCTTGT-1,2
TACTTGTGTCTCACCT-1,2
TACTTGTGTGCCTGGT-1,5
TACTTGTTCGAGGTAG-1,5
TACTTGTTCGCAGGCT-1,3
TAGACCAAGTGGTAGC-1,1
TAGACCACAATGGTCT-1,1
TAGACCACACATAACC-1,6
TAGACCACAGAGTGTG-1,3
TAGACCAGTAGGGTAC-1,2
TAGACCATCAGATAAG-1,2
TAGACCATCAGCGATT-1,1
TAGACCATCAGGATCT-1,2
TAGAGCTAGACAATAC-1,1
TAGAGCTAGCCAACAG-1,5
TAGAGCTAGGTTACCT-1,4
TAGAGCTCACGAGAGT-1,7
TAGAGCTCAGCTCGAC-1,3
TAGAGCTCATCTACGA-1,3
TAGAGCTGTACTTCTT-1,2
TAGAGCTGTCCTCCAT-1,8
TAGAGCTGTGGACGAT-1,8
TAGAGCTGTGGCCCTA-1,8
TAGAGCTTCCCAAGAT-1,1
TAGAGCTTCCGAGCCA-1,1
TAGAGCTTCTACCAGA-1,1
TAGCCGGAGATATGGT-1,3
TAGCCGGCAAACTGCT-1,3
TAGCCGGCACTAAGTC-1,5
TAGCCGGCATCCCACT-1,2
TAGCCGGGTCCCTTGT-1,1
TAGCCGGGTCTAGTCA-1,5
TAGCCGGGTCTCCACT-1,2
TAGCCGGGTGCAGACA-1,3
TAGCCGGGTGCAGGTA-1,1
TAGCCGGTCAATCTCT-1,2
TAGCCGGTCGCAGGCT-1,4
TAGGCATCAGAGCCAA-1,1
TAGGCATGTGATGCCC-1,2
TAGGCATGTTCCGTCT-1,1
TAGGCATTCCCAAGTA-1,4
TAGTGGTAGAAGGTGA-1,7
TAGTGGTCATCCAACA-1,3
TAGTGGTCATCGGACC-1,5
TAGTGGTCATGGTAGG-1,1
TAGTGGTGTGCGAAAC-1,3
TAGTGGTGTTACCGAT-1,1
TAGTGGTGTTGGTGGA-1,1
TAGTGGTTCGAATGCT-1,2
TAGTGGTTCGCCTGTT-1,2
TAGTTGGAGAACTCGG-1,5
TAGTTGGCACTAGTAC-1,4
TAGTTGGGTCGAAAGC-1,7
TAGTTGGTCAGCCTAA-1,2
TAGTTGGTCAGTCAGT-1,1
TAGTTGGTCTTGAGGT-1,1
TATCAGGAGGTAGCTG-1,4
TATCAGGAGTTTCCTT-1,5
TATCAGGCACCACGTG-1,2
TATCAGGCAGTGGAGT-1,2
TATCAGGGTACCGTAT-1,4
TATCAGGGTGGTCCGT-1,8
TATCAGGGTTACTGAC-1,1
TATCAGGGTTGATTGC-1,1
TATCAGGGTTGGTAAA-1,1
TATCAGGTCATGCTCC-1,1
TATCAGGTCCAAACAC-1,1
TATCAGGTCGTCTGAA-1,1
TATCAGGTCTGAGGGA-1,6
TATCAGGTCTGTGCAA-1,1
TATCAGGTCTTGTATC-1,2
TATCTCAAGCTGGAAC-1,4
TATCTCAAGCTTCGCG-1,1
TATCTCAAGGATGTAT-1,4
TATCTCACAACGCACC-1,2
TATCTCACATTTGCCC-1,8
TATCTCAGTATTAGCC-1,2
TATCTCATCATAAAGG-1,3
TATCTCATCCAAACTG-1,1
TATCTCATCCGCAGTG-1,3
TATCTCATCGACCAGC-1,4
TATGCCCAGAGCTATA-1,5
TATGCCCAGCGGCTTC-1,4
TATGCCCAGGGCATGT-1,2
TATGCCCCACTCTGTC-1,1
TATGCCCCATTTGCCC-1,2
TATGCCCGTGAGGGAG-1,2
TATGCCCGTTAGGGTG-1,6
TATGCCCTCTGCTTGC-1,2
TATTACCAGTCATGCT-1,1
TATTACCAGTGAACAT-1,5
TATTACCCACTGAAGG-1,1
TATTACCCAGCTGCTG-1,4
TATTACCCATTGGCGC-1,6
TATTACCGTACCAGTT-1,3
TATTACCGTATAATGG-1,1
TATTACCGTCGCGTGT-1,3
TATTACCGTTATGTGC-1,3
TATTACCTCCCATTTA-1,2
TATTACCTCTCATTCA-1,4
TCAACGAAGCGAGAAA-1,1
TCAACGAAGCTAGGCA-1,5
TCAACGAAGCTGCCCA-1,3
TCAACGAAGCTTATCG-1,2
TCAACGAAGGCCATAG-1,5
TCAACGAAGTTAACGA-1,1
TCAACGACACGTCTCT-1,1
TCAACGACACTTGGAT-1,4
TCAACGACATTCACTT-1,2
TCAACGAGTCCGAAGA-1,8
TCAACGATCTCAACTT-1,2
TCAATCTAGCGCTTAT-1,3
TCAATCTCATGCCACG-1,7
TCAATCTCATTCACTT-1,3
TCAATCTGTAAGGGAA-1,1
TCAATCTGTTCCGTCT-1,1
TCAATCTGTTTGCATG-1,5
TCAATCTTCGGTGTCG-1,3
TCACAAGAGCAGCCTC-1,1
TCACAAGAGGAGTAGA-1,1
TCACAAGAGTGTCTCA-1,1
TCACAAGCACCTCGTT-1,2
TCACAAGCACGTTGGC-1,1
TCACAAGGTAGCTCCG-1,1
TCACAAGGTCCAACTA-1,3
TCACAAGGTCTTGTCC-1,1
TCACAAGGTGTCAATC-1,4
TCACAAGGTTCAGTAC-1,6
TCACAAGGTTGTGGCC-1,5
TCACAAGGTTTGTGTG-1,5
TCACAAGTCCAAACAC-1,6
TCACAAGTCCGTCAAA-1,1
TCACAAGTCCTCGCAT-1,1
TCACAAGTCGCCTGAG-1,1
TCACGAAAGCAGATCG-1,4
TCACGAAAGGTGATTA-1,6
TCACGAAAGTATCTCG-1,5
TCACGAACAGGTCGTC-1,1
TCACGAACAGTAGAGC-1,3
TCACGAAGTTGCTCCT-1,1
TCACGAATCAAGATCC-1,5
TCACGAATCCTACAGA-1,1
TCACGAATCGTCTGAA-1,1
TCAGATGAGCTCCTTC-1,1
TCAGATGAGTCCATAC-1,3
TCAGATGTCAGGTTCA-1,2
TCAGATGTCGCAAACT-1,8
TCAGCAAAGAAGCCCA-1,2
TCAGCAAAGCTTATCG-1,6
TCAGCAAAGGCACATG-1,1
TCAGCAAAGGGATCTG-1,1
TCAGCAACAATCACAC-1,1
TCAGCAACAATGGAGC-1,5
TCAGCAACACTAGTAC-1,4
TCAGCAAGTGCCTGTG-1,3
TCAGCAAGTGCTTCTC-1,1
TCAGCAAGTTCACGGC-1,2
TCAGCTCAGTAGTGCG-1,3
TCAGCTCCAAGTAGTA-1,1
TCAGCTCCAATGTAAG-1,3
TCAGCTCCACGACTCG-1,1
TCAGCTCCAGATGGCA-1,1
TCAGCTCCATTGGTAC-1,3
TCAGCTCGTATCTGCA-1,1
TCAGCTCGTCGCTTTC-1,5
TCAGCTCGTTGTACAC-1,1
TCAGCTCTCACCACCT-1,7
TCAGCTCTCGCCTGTT-1,1
TCAGCTCTCGTCGTTC-1,1
TCAGCTCTCTGCTTGC-1,8
TCAGCTCTCTTGCCGT-1,1
TCAGGATAGAGTCTGG-1,4
TCAGGATAGCGGATCA-1,5
TCAGGATGTCCTAGCG-1,2
TCAGGATGTTGGTAAA-1,1
TCAGGATTCATTGCGA-1,2
TCAGGTAAGGAATTAC-1,2
TCAGGTACAATCGAAA-1,2
TCAGGTACAGTCAGCC-1,3
TCAGGTAGTAGCGTGA-1,3
TCAGGTATCACCCTCA-1,5
TCAGGTATCCGTTGTC-1,3
TCAGGTATCTATGTGG-1,1
TCATTACCAACGATCT-1,7
TCATTACCAAGTAATG-1,1
TCATTACCACAGAGGT-1,7
TCATTACCATTGAGCT-1,2
TCATTACGTCACCCAG-1,5
TCATTACGTCTCATCC-1,4
TCATTTGAGAACAACT-1,4
TCATTTGAGAATAGGG-1,1
TCATTTGAGCAAATCA-1,7
TCATTTGAGCACACAG-1,1
TCATTTGAGTACACCT-1,1
TCATTTGCACCTCGGA-1,1
TCATTTGCACCTGGTG-1,2
TCATTTGGTGGGTCAA-1,1
TCATTTGTCCATGAGT-1,4
TCCACACAGGGAGTAA-1,1
TCCACACAGTCCGTAT-1,2
TCCACACGTCTTGTCC-1,4
TCCACACGTGTCTGAT-1,3
TCCACACTCCGCGTTT-1,3
TCCCGATAGACTACAA-1,3
TCCCGATAGTGGTCCC-1,1
TCCCGATCATGGATGG-1,7
TCCCGATGTCTCAACA-1,2
TCCCGATTCCAGTATG-1,1
TCCCGATTCCTACAGA-1,5
TCCCGATTCCTCATTA-1,4
TCGAGGCAGGAGTTTA-1,1
TCGAGGCAGGATGTAT-1,2
TCGAGGCAGGGAACGG-1,2
TCGAGGCAGGTAGCTG-1,1
TCGAGGCCACACCGCA-1,2
TCGAGGCCATCCTTGC-1,2
TCGAGGCGTCTACCTC-1,7
TCGAGGCGTGTGAAAT-1,4
TCGAGGCGTTAAGACA-1,5
TCGCGAGCACGAAGCA-1,8
TCGCGAGCAGACAAAT-1,1
TCGCGAGGTGCAACGA-1,1
TCGCGAGGTGCTTCTC-1,1
TCGCGTTAGCATCATC-1,1
TCGCGTTAGTTAGCGG-1,1
TCGCGTTCACGGCTAC-1,1
TCGCGTTCATCGATTG-1,5
TCGCGTTGTACGAAAT-1,1
TCGCGTTGTGTGACCC-1,4
TCGCGTTTCAGCATGT-1,4
TCGCGTTTCATGGTCA-1,6
TCGCGTTTCGACAGCC-1,2
TCGCGTTTCTGAAAGA-1,8
TCGGGACAGCGATTCT-1,1
TCGGGACAGCGTGAGT-1,8
TCGGGACAGTGTACGG-1,6
TCGGGACCACGGACAA-1,1
TCGGGACCAGGACGTA-1,5
TCGGGACGTGTGGTTT-1,1
TCGGGACGTTCTGAAC-1,4
TCGGGACGTTTGGGCC-1,1
TCGGGACTCCCAACGG-1,5
TCGGGACTCTGAAAGA-1,4
TCGGGACTCTTGCATT-1,2
TCGGTAAAGTTTCCTT-1,3
TCGGTAAGTCGCATAT-1,5
TCGGTAAGTGTTCTTT-1,1
TCGGTAAGTTCTGAAC-1,6
TCGGTAATCGTCTGCT-1,6
TCGGTAATCTCGCTTG-1,3
TCGTACCAGCAGGCTA-1,2
TCGTACCAGCCAGTTT-1,4
TCGTACCAGCGCCTCA-1,4
TCGTACCAGCTAAACA-1,3
TCGTACCAGGATCGCA-1,7
TCGTACCAGGCTCATT-1,4
TCGTACCAGTATTGGA-1,2
TCGTACCGTTCAGCGC-1,1
TCGTACCTCGGCGCAT-1,4
TCGTAGACAATTGCTG-1,4
TCGTAGACACTAAGTC-1,1
TCGTAGACAGTTTACG-1,3
TCGTAGACATCTCGCT-1,3
TCGTAGACATTCCTGC-1,6
TCGTAGAGTCATACTG-1,1
TCGTAGAGTCCAGTTA-1,2
TCGTAGAGTGCGAAAC-1,8
TCGTAGAGTTCCACTC-1,8
TCGTAGATCGCCTGAG-1,1
TCGTAGATCTTCATGT-1,3
TCTATTGAGACAGGCT-1,3
TCTATTGAGCGTTTAC-1,2
TCTATTGAGCTAGTCT-1,3
TCTATTGAGGAGTCTG-1,4
TCTATTGCAAGCGAGT-1,1
TCTATTGCAGCCACCA-1,5
TCTATTGCAGCCTTTC-1,1
TCTATTGCATACTCTT-1,4
TCTATTGGTGAGTGAC-1,4
TCTATTGTCACCATAG-1,2
TCTATTGTCACCCTCA-1,1
TCTATTGTCATCTGTT-1,5
TCTCATAAGAAACCTA-1,3
TCTCATAAGATAGGAG-1,7
TCTCATAAGCGTGTCC-1,4
TCTCATAAGTTAGCGG-1,4
TCTCATAAGTTGCAGG-1,5
TCTCATACACATCCGG-1,1
TCTCATACACGCATCG-1,1
TCTCATACAGGATTGG-1,2
TCTCATAGTAGCTTGT-1,5
TCTCATAGTCGCGAAA-1,1
TCTCATAGTTTGCATG-1,2
TCTCATATCAGCTCTC-1,1
TCTCATATCTGCGTAA-1,1
TCTCATATCTGGTTCC-1,4
TCTCTAAAGCACCGCT-1,1
TCTCTAACAACACCCG-1,7
TCTCTAACAACTTGAC-1,2
TCTCTAACATCTCGCT-1,5
TCTCTAAGTATATGGA-1,1
TCTCTAATCAACGGGA-1,3
TCTCTAATCACTCCTG-1,4
TCTCTAATCAGCAACT-1,1
TCTCTAATCAGGTAAA-1,3
TCTCTAATCCAGAAGG-1,2
TCTCTAATCCAGATCA-1,2
TCTGAGAAGGCCCTTG-1,1
TCTGAGAAGTGCAAGC-1,1
TCTGAGAGTATGCTTG-1,6
TCTGAGAGTCACTGGC-1,6
TCTGAGATCAACACAC-1,1
TCTGAGATCAAGATCC-1,2
TCTGAGATCCACGTTC-1,8
TCTGGAAAGAACTGTA-1,5
TCTGGAAAGAGTACAT-1,1
TCTGGAAAGCGAAGGG-1,7
TCTGGAAGTAAGGGCT-1,1
TCTGGAAGTACGCTGC-1,4
TCTGGAAGTTCAGTAC-1,5
TCTGGAATCACATAGC-1,1
TCTGGAATCAGTCAGT-1,4
TCTGGAATCCTCCTAG-1,8
TCTTCGGAGTGAACAT-1,1
TCTTCGGAGTTTCCTT-1,4
TCTTCGGGTAGCGCTC-1,3
TCTTCGGGTCTCCCTA-1,2
TCTTCGGTCACAGGCC-1,6
TCTTCGGTCCTCAACC-1,1
TCTTCGGTCGGAGCAA-1,1
TCTTTCCAGCTAGTTC-1,1
TCTTTCCCACACCGAC-1,2
TCTTTCCGTCTGATCA-1,4
TCTTTCCGTTTGTTGG-1,2
TCTTTCCTCCCAGGTG-1,6
TCTTTCCTCCGTAGTA-1,6
TCTTTCCTCGCGCCAA-1,6
TCTTTCCTCTGGCGAC-1,1
TGAAAGAAGCCACTAT-1,4
TGAAAGAAGTGAAGAG-1,5
TGAAAGACAGATGGGT-1,1
TGAAAGACATCTCCCA-1,2
TGAAAGATCAAGCCTA-1,4
TGAAAGATCATGTAGC-1,4
TGAAAGATCCAATGGT-1,5
TGAAAGATCTGCGACG-1,1
TGACAACAGAGCTATA-1,2
TGACAACAGCCAGAAC-1,7
TGACAACAGCGATTCT-1,2
TGACAACAGCGCCTCA-1,1
TGACAACCAAGCCTAT-1,2
TGACAACCATAGTAAG-1,1
TGACAACGTCTAGAGG-1,4
TGACAACGTGAGTGAC-1,2
TGACAACGTGCGATAG-1,1
TGACAACTCAGTACGT-1,2
TGACAACTCATTGCCC-1,4
TGACAACTCCCTCTTT-1,3
TGACAACTCGTAGATC-1,6
TGACAACTCTCGTTTA-1,2
TGACGGCAGTGTCTCA-1,1
TGACGGCCAGCGTAAG-1,6
TGACGGCCAGGGAGAG-1,5
TGACGGCCAGTATCTG-1,2
TGACGGCCATGCTGGC-1,7
TGACGGCGTATGAAAC-1,6
TGACGGCTCATCTGTT-1,1
TGACGGCTCCTGCTTG-1,2
TGACGGCTCGGTTAAC-1,8
TGACGGCTCGTTGACA-1,4
TGACTAGAGTACGCGA-1,2
TGACTAGAGTTAGCGG-1,4
TGACTAGAGTTGCAGG-1,2
TGACTAGAGTTTCCTT-1,2
TGACTAGGTTAAGAAC-1,6
TGACTAGGTTAAGTAG-1,1
TGACTAGTCGCCAAAT-1,1
TGACTTTAGAACTGTA-1,3
TGACTTTAGACAAGCC-1,3
TGACTTTAGAGATGAG-1,1
TGACTTTAGTGTGAAT-1,2
TGACTTTCAAGAGTCG-1,2
TGACTTTCATGACGGA-1,3
TGACTTTGTCTCTCGT-1,1
TGACTTTTCGCTAGCG-1,7
TGACTTTTCGGAGCAA-1,5
TGAGAGGAGATATACG-1,3
TGAGAGGAGCAGGCTA-1,6
TGAGAGGAGTTAAGTG-1,1
TGAGAGGCAGCGTAAG-1,4
TGAGAGGCAGGATTGG-1,8
TGAGAGGGTTCAGACT-1,5
TGAGAGGGTTGAGTTC-1,3
TGAGAGGTCATTTGGG-1,2
TGAGAGGTCTGCCAGG-1,1
TGAGCATAGCGTCAAG-1,3
TGAGCATAGTACGATA-1,8
TGAGCATAGTGACTCT-1,4
TGAGCATCAGTATGCT-1,1
TGAGCATGTAATCGTC-1,4
TGAGCATGTCAGAATA-1,4
TGAGCATTCCAGATCA-1,6
TGAGCATTCTTGCATT-1,3
TGAGCATTCTTGGGTA-1,8
TGAGCCGAGACAGGCT-1,2
TGAGCCGAGACATAAC-1,5
TGAGCCGAGGCCGAAT-1,3
TGAGCCGCAAGCCCAC-1,1
TGAGCCGCAAGTTGTC-1,8
TGAGCCGCAGGACCCT-1,2
TGAGCCGCAGTATGCT-1,3
TGAGCCGCATCACCCT-1,4
TGAGCCGGTCTACCTC-1,1
TGAGCCGTCATTTGGG-1,1
TGAGGGAAGAAACCTA-1,2
TGAGGGAAGAGTACCG-1,7
TGAGGGAAGATATACG-1,6
TGAGGGAAGTACCGGA-1,2
TGAGGGAAGTGGTAGC-1,2
TGAGGGACACCATGTA-1,3
TGAGGGATCCTAAGTG-1,8
TGAGGGATCTGCCCTA-1,8
TGATTTCAGCGAGAAA-1,2
TGATTTCAGCTAGTCT-1,8
TGATTTCAGGGCTTCC-1,1
TGATTTCAGTGGGCTA-1,7
TGATTTCCACAGCCCA-1,4
TGATTTCCAGCTCGAC-1,4
TGATTTCGTAACGTTC-1,5
TGATTTCGTAGCGTAG-1,6
TGATTTCGTCCGTCAG-1,1
TGATTTCGTTCACCTC-1,3
TGATTTCTCAGCTCTC-1,4
TGATTTCTCATGCATG-1,2
TGATTTCTCCGTAGTA-1,5
TGCACCTAGCCACGCT-1,3
TGCACCTAGGCTAGGT-1,2
TGCACCTCAGGCTGAA-1,4
TGCACCTCATAGTAAG-1,2
TGCACCTGTATAAACG-1,1
TGCACCTTCCTTTACA-1,3
TGCCAAAAGACGACGT-1,5
TGCCAAAAGATGTAAC-1,1
TGCCAAAAGCCGATTT-1,2
TGCCAAACACAGGTTT-1,5
TGCCAAACACATTAGC-1,1
TGCCAAACATCCCACT-1,1
TGCCAAACATGACATC-1,5
TGCCAAACATTCCTGC-1,2
TGCCAAAGTCGAATCT-1,1
TGCCAAAGTCTAGTGT-1,6
TGCCAAAGTTTGACAC-1,4
TGCCAAATCGAGAGCA-1,2
TGCCCATAGCCTTGAT-1,3
TGCCCATAGGGAACGG-1,1
TGCCCATAGGGTCTCC-1,1
TGCCCATAGTGCAAGC-1,1
TGCCCATAGTGGTAGC-1,3
TGCCCATGTACAGTGG-1,2
TGCCCATGTAGCCTCG-1,4
TGCCCATGTGTTTGTG-1,1
TGCCCATGTTATTCTC-1,1
TGCCCTACAATAGCGG-1,1
TGCCCTACACAGGAGT-1,6
TGCCCTACACTGTCGG-1,2
TGCCCTACATCCCATC-1,5
TGCCCTACATCCTTGC-1,2
TGCCCTAGTCGCGTGT-1,1
TGCCCTAGTTATCGGT-1,4
TGCCCTATCAAGGTAA-1,3
TGCCCTATCCACTCCA-1,1
TGCCCTATCGCAAGCC-1,3
TGCCCTATCTTCATGT-1,5
TGCCCTATCTTGCAAG-1,4
TGCGCAGAGTCAAGCG-1,7
TGCGCAGGTAGAGTGC-1,8
TGCGCAGGTATCACCA-1,1
TGCGCAGGTCACTTCC-1,4
TGCGCAGGTCGAGTTT-1,5
TGCGCAGTCGAGCCCA-1,2
TGCGCAGTCTCTAAGG-1,8
TGCGGGTAGTGGCACA-1,1
TGCGGGTAGTGGGCTA-1,1
TGCGGGTAGTTGAGTA-1,4
TGCGGGTCACAGTCGC-1,7
TGCGGGTCACATCCGG-1,4
TGCGGGTCACTTAACG-1,5
TGCGGGTGTCAGAATA-1,1
TGCGGGTTCGTAGGTT-1,4
TGCGGGTTCTGGTGTA-1,3
TGCGTGGAGGTCGGAT-1,5
TGCGTGGCATTACCTT-1,1
TGCGTGGGTACAGCAG-1,4
TGCGTGGTCACCAGGC-1,6
TGCGTGGTCACTCCTG-1,1
TGCGTGGTCATACGGT-1,8
TGCGTGGTCCACGAAT-1,4
TGCGTGGTCTTGAGGT-1,4
TGCTACCAGCGATATA-1,5
TGCTACCAGGCAGGTT-1,3
TGCTACCCATTTCAGG-1,2
TGCTACCGTACACCGC-1,2
TGCTACCGTAGCGCAA-1,1
TGCTACCTCGAGAACG-1,4
TGCTACCTCGCTTAGA-1,6
TGCTACCTCTGCGGCA-1,2
TGCTGCTAGGCGCTCT-1,4
TGCTGCTAGGTTCCTA-1,2
TGCTGCTCAGTCGATT-1,2
TGCTGCTCATGACGGA-1,1
TGCTGCTGTTCGAATC-1,1
TGCTGCTGTTTGTGTG-1,2
TGGACGCAGTACACCT-1,2
TGGACGCAGTGACATA-1,1
TGGACGCAGTGCGTGA-1,1
TGGACGCCAGCATGAG-1,1
TGGACGCGTAAAGTCA-1,8
TGGACGCGTAGAAGGA-1,7
TGGACGCGTGTTCGAT-1,8
TGGACGCTCCTGCAGG-1,2
TGGACGCTCGGAAATA-1,8
TGGACGCTCTAGAGTC-1,2
TGGCCAGAGGGATACC-1,2
TGGCCAGCAGCCTTTC-1,1
TGGCCAGCATTCGACA-1,4
TGGCCAGGTACAGTGG-1,1
TGGCCAGGTGCCTTGG-1,4
TGGCCAGGTGGCTCCA-1,4
TGGCCAGGTGGTACAG-1,1
TGGCCAGTCCGGCACA-1,1
TGGCCAGTCTAACTGG-1,1
TGGCCAGTCTACTATC-1,8
TGGCGCAAGCAGGCTA-1,5
TGGCGCAAGCTAAGAT-1,4
TGGCGCAAGTTCGATC-1,1
TGGCGCAGTCATGCCG-1,2
TGGCGCAGTCGGCTCA-1,5
TGGCGCAGTCTCGTTC-1,1
TGGCGCAGTGGCAAAC-1,6
TGGCGCATCGGAGGTA-1,3
TGGCTGGAGTCCGTAT-1,1
TGGCTGGCAATTGCTG-1,7
TGGCTGGCACTATCTT-1,3
TGGCTGGCAGTATAAG-1,4
TGGCTGGCATGTCGAT-1,5
TGGCTGGGTACCATCA-1,6
TGGCTGGGTGGTCCGT-1,1
TGGCTGGGTTACGACT-1,2
TGGCTGGTCATTATCC-1,4
TGGGAAGAGTGGTCCC-1,2
TGGGAAGCAAGAAGAG-1,1
TGGGAAGCACAGAGGT-1,6
TGGGAAGCATATACCG-1,4
TGGGAAGGTCTAGGTT-1,8
TGGGAAGTCAACACAC-1,5
TGGGAAGTCATCGCTC-1,4
TGGGAAGTCGATAGAA-1,4
TGGGAAGTCTTCGAGA-1,2
TGGGCGTAGACTTGAA-1,1
TGGGCGTAGCTATGCT-1,2
TGGGCGTCAAGTTAAG-1,1
TGGGCGTCATTGCGGC-1,1
TGGGCGTGTGACAAAT-1,1
TGGGCGTTCCTCAACC-1,4
TGGGCGTTCTCCGGTT-1,2
TGGGCGTTCTTCAACT-1,2
TGGTTAGAGCTGCCCA-1,1
TGGTTAGCAAGCCGCT-1,1
TGGTTAGCACATGGGA-1,1
TGGTTAGCAGCCTTGG-1,4
TGGTTAGGTTACTGAC-1,4
TGGTTAGGTTCTGTTT-1,2
TGGTTAGTCCCTTGTG-1,1
TGGTTAGTCTATCCTA-1,1
TGGTTCCGTCCATGAT-1,2
TGGTTCCGTCCTCTTG-1,1
TGGTTCCGTCGGATCC-1,4
TGGTTCCGTGCCTTGG-1,1
TGGTTCCGTTATCGGT-1,6
TGGTTCCGTTCCATGA-1,2
TGGTTCCTCCAGAGGA-1,1
TGTATTCAGGCCCTCA-1,2
TGTATTCCACAGAGGT-1,3
TGTATTCCACTCGACG-1,8
TGTATTCCAGTTAACC-1,2
TGTATTCTCGGAGCAA-1,4
TGTCCCAAGAAGGTGA-1,1
TGTCCCAAGCGTAGTG-1,3
TGTCCCACAATGTAAG-1,1
TGTCCCACACTAAGTC-1,5
TGTCCCACATGGTCTA-1,2
TGTCCCAGTCGCTTTC-1,3
TGTCCCAGTTCCACTC-1,1
TGTGGTAAGGTGCTAG-1,5
TGTGGTACACAAGCCC-1,4
TGTGGTACAGTCCTTC-1,7
TGTGGTACAGTTAACC-1,5
TGTGGTAGTACCGCTG-1,3
TGTGGTAGTACCTACA-1,1
TGTGGTAGTATTCGTG-1,8
TGTGGTAGTCAGGACA-1,1
TGTGGTAGTCTAAAGA-1,3
TGTGGTAGTTACGACT-1,3
TGTGGTATCACGGTTA-1,2
TGTGGTATCTAAGCCA-1,4
TGTGTTTCACACAGAG-1,2
TGTGTTTCACCATGTA-1,2
TGTGTTTCACGGTGTC-1,2
TGTGTTTGTACCGTTA-1,4
TGTGTTTTCCGCGGTA-1,4
TGTGTTTTCGCCTGTT-1,2
TGTGTTTTCTGCAGTA-1,4
TGTTCCGAGAAGGTGA-1,1
TGTTCCGAGAGGTTAT-1,6
TGTTCCGAGCGCTCCA-1,7
TGTTCCGAGGGTTCCC-1,6
TGTTCCGCACGTCAGC-1,3
TGTTCCGCAGCATGAG-1,7
TGTTCCGCAGTAAGAT-1,3
TGTTCCGGTCTTTCAT-1,5
TGTTCCGTCCCTTGTG-1,1
TTAACTCAGAAGCCCA-1,4
TTAACTCAGCTAACAA-1,7
TTAACTCAGCTGTCTA-1,5
TTAACTCCAACACCTA-1,4
TTAACTCCAATGGAGC-1,3
TTAACTCCACTTACGA-1,8
TTAACTCCAGCTGTAT-1,8
TTAACTCGTATGAATG-1,2
TTAACTCGTCTGATTG-1,4
TTAACTCGTGACTCAT-1,8
TTAACTCGTGGTGTAG-1,5
TTAACTCTCACCGTAA-1,3
TTAACTCTCAGCTTAG-1,2
TTAACTCTCGGAGGTA-1,4
TTAGGACAGCGTAATA-1,3
TTAGGACAGTGTGGCA-1,2
TTAGGACTCAGCACAT-1,1
TTAGGACTCGTGACAT-1,1
TTAGGACTCTAACGGT-1,1
TTAGGCAAGCCGCCTA-1,7
TTAGGCAAGGGAACGG-1,1
TTAGGCAAGTTGCAGG-1,2
TTAGGCACAACGATGG-1,8
TTAGGCACAATCGGTT-1,1
TTAGGCACATGGGAAC-1,4
TTAGGCACATGTAGTC-1,8
TTAGGCAGTCTTCTCG-1,4
TTAGGCAGTGTGAAAT-1,1
TTAGGCAGTGTTGGGA-1,5
TTAGGCATCAGCGACC-1,1
TTAGGCATCCCATTTA-1,1
TTAGTTCAGACTCGGA-1,5
TTAGTTCCAAACCCAT-1,3
TTAGTTCCACGTCTCT-1,1
TTAGTTCCATCTGGTA-1,5
TTAGTTCCATGGTAGG-1,4
TTAGTTCCATGTAAGA-1,3
TTAGTTCGTACACCGC-1,4
TTAGTTCGTAGCGTCC-1,4
TTAGTTCGTCACTTCC-1,3
TTAGTTCGTTCCATGA-1,8
TTAGTTCTCAAGAAGT-1,3
TTAGTTCTCCCTAACC-1,3
TTAGTTCTCGCGATCG-1,5
TTATGCTAGAGATGAG-1,7
TTATGCTAGCAACGGT-1,2
TTATGCTAGGGAGTAA-1,2
TTATGCTAGGTGCAAC-1,1
TTATGCTAGTAGTGCG-1,2
TTATGCTCATCACAAC-1,3
TTATGCTCATTTCAGG-1,5
TTATGCTGTCTAGGTT-1,6
TTCCCAGAGAAGGTTT-1,4
TTCCCAGAGAGTCTGG-1,1
TTCCCAGAGCCAGAAC-1,1
TTCCCAGCAAAGTGCG-1,4
TTCCCAGCAATAGCGG-1,1
TTCCCAGCACCTATCC-1,6
TTCCCAGGTCTTTCAT-1,5
TTCCCAGGTTATCGGT-1,5
TTCCCAGTCACATGCA-1,2
TTCCCAGTCCTAGTGA-1,2
TTCCCAGTCTATCGCC-1,5
TTCCCAGTCTTGTACT-1,2
TTCGAAGAGATATGCA-1,1
TTCGAAGAGGGTCTCC-1,1
TTCGAAGCACAAGTAA-1,2
TTCGAAGCAGGGCATA-1,2
TTCGAAGGTACAAGTA-1,3
TTCGAAGGTATTACCG-1,1
TTCGAAGGTGAGGCTA-1,5
TTCGAAGGTTAAGACA-1,4
TTCGAAGTCTTCATGT-1,5
TTCGGTCAGAGCAATT-1,5
TTCGGTCAGCCACTAT-1,6
TTCGGTCAGCGTTCCG-1,4
TTCGGTCAGGTTACCT-1,1
TTCGGTCAGTGCAAGC-1,1
TTCGGTCAGTGTACTC-1,1
TTCGGTCCAGGGAGAG-1,2
TTCGGTCCATTGTGCA-1,7
TTCGGTCGTCGGATCC-1,4
TTCGGTCGTGCATCTA-1,2
TTCGGTCGTTGTCGCG-1,2
TTCGGTCTCCTGCAGG-1,3
TTCGGTCTCGTACGGC-1,5
TTCTACAGTCTCATCC-1,4
TTCTACAGTGACTCAT-1,4
TTCTACATCACCAGGC-1,3
TTCTACATCATTGCCC-1,5
TTCTACATCGCCTGTT-1,6
TTCTCAAAGCCAGTTT-1,4
TTCTCAAAGCTCCTCT-1,8
TTCTCAAAGTACGTAA-1,7
TTCTCAAAGTTGTCGT-1,1
TTCTCAACAGACAAAT-1,3
TTCTCAACAGGACCCT-1,1
TTCTCAACATTGTGCA-1,5
TTCTCAAGTCTAGCGC-1,2
TTCTCAAGTGGCTCCA-1,5
TTCTCAAGTTATCACG-1,5
TTCTCAATCGCATGGC-1,4
TTCTCCTAGACGCAAC-1,2
TTCTCCTAGCACCGCT-1,3
TTCTCCTAGCTAACTC-1,2
TTCTCCTAGTGATCGG-1,2
TTCTCCTCACAGATTC-1,2
TTCTCCTCACGTGAGA-1,2
TTCTCCTGTACAGCAG-1,3
TTCTCCTTCCGAATGT-1,1
TTCTCCTTCCGCGGTA-1,1
TTCTTAGAGACGCAAC-1,2
TTCTTAGAGATCTGAA-1,1
TTCTTAGAGGAGTTGC-1,5
TTCTTAGAGGCTCAGA-1,5
TTCTTAGCACATGTGT-1,2
TTCTTAGCAGAAGCAC-1,1
TTCTTAGCAGCTGCTG-1,2
TTCTTAGGTCAAAGCG-1,2
TTCTTAGGTTCACCTC-1,2
TTCTTAGTCACGCGGT-1,1
TTCTTAGTCCCAAGAT-1,2
TTCTTAGTCCCATTTA-1,3
TTCTTAGTCGTAGGTT-1,1
TTGAACGAGTCAAGGC-1,4
TTGAACGCAACTGGCC-1,1
TTGAACGCAGGAACGT-1,3
TTGAACGCAGTTCCCT-1,3
TTGAACGCATAACCTG-1,2
TTGAACGGTTCATGGT-1,6
TTGAACGTCAAGGCTT-1,3
TTGAACGTCCGTACAA-1,1
TTGACTTAGATGGGTC-1,8
TTGACTTAGCCGCCTA-1,5
TTGACTTAGTTGCAGG-1,1
TTGACTTGTAGCGTAG-1,4
TTGACTTTCAGGCGAA-1,5
TTGACTTTCATCTGCC-1,1
TTGACTTTCGTCCAGG-1,4
TTGACTTTCGTTGCCT-1,5
TTGCCGTAGTAACCCT-1,8
TTGCCGTCAGATCGGA-1,1
TTGCCGTCAGCGTAAG-1,1
TTGCCGTTCATCGCTC-1,3
TTGCCGTTCTGTCAAG-1,1
TTGCGTCAGACCCACC-1,5
TTGCGTCAGAGTCGGT-1,4
TTGCGTCAGCTAAACA-1,8
TTGCGTCAGTCATGCT-1,3
TTGCGTCCAAGCTGGA-1,4
TTGCGTCCAATAGCGG-1,3
TTGCGTCCACTTCTGC-1,5
TTGCGTCCATCCTTGC-1,2
TTGCGTCGTAATTGGA-1,5
TTGCGTCGTGGTCCGT-1,5
TTGCGTCTCTAACTTC-1,2
TTGCGTCTCTACCTGC-1,3
TTGCGTCTCTCGCTTG-1,1
TTGGAACCACTCTGTC-1,5
TTGGAACGTACCAGTT-1,1
TTGGAACGTCTTCGTC-1,6
TTGGAACTCGCATGAT-1,2
TTGGCAAAGACACTAA-1,3
TTGGCAAAGCAGGCTA-1,3
TTGGCAACAATGAAAC-1,5
TTGGCAACATACAGCT-1,3
TTGGCAACATTAGGCT-1,3
TTGGCAAGTACTCGCG-1,8
TTGGCAATCACCCTCA-1,4
TTGGCAATCACTCTTA-1,1
TTGGCAATCCACGCAG-1,3
TTGGCAATCTCCGGTT-1,1
TTGTAGGAGGATGCGT-1,5
TTGTAGGAGTACGCGA-1,2
TTGTAGGCAAGCTGTT-1,1
TTGTAGGCACCATCCT-1,1
TTGTAGGGTATAGGTA-1,2
TTGTAGGGTTGAACTC-1,5
TTTACTGAGCGTAATA-1,2
TTTACTGAGTACGTTC-1,3
TTTACTGCAAACCCAT-1,5
TTTACTGCAGTTAACC-1,4
TTTACTGCATCAGTAC-1,3
TTTACTGGTAGGAGTC-1,2
TTTACTGGTGGGTCAA-1,1
TTTACTGGTGTTAAGA-1,2
TTTACTGGTTATCGGT-1,3
TTTATGCAGATAGCAT-1,3
TTTATGCAGCAGACTG-1,5
TTTATGCAGCCACGCT-1,2
TTTATGCAGCCAGTTT-1,5
TTTATGCAGGATATAC-1,1
TTTATGCAGGCCCTTG-1,8
TTTATGCCACCAGGTC-1,5
TTTATGCGTACTCTCC-1,3
TTTATGCGTCTGGAGA-1,2
TTTCCTCAGTGACTCT-1,7
TTTCCTCAGTTAGGTA-1,5
TTTCCTCCAAATACAG-1,2
TTTCCTCCAATCTACG-1,4
TTTCCTCCATAGGATA-1,2
TTTCCTCGTGGACGAT-1,1
TTTCCTCGTTACCGAT-1,2
TTTCCTCTCACAATGC-1,1
TTTCCTCTCAGAGACG-1,5
TTTCCTCTCCGAACGC-1,6
TTTCCTCTCCGCGCAA-1,4
TTTGCGCAGGACACCA-1,2
TTTGCGCCATGCCTTC-1,4
TTTGCGCCATTTGCTT-1,1
TTTGCGCGTAATAGCA-1,5
TTTGCGCTCAATCACG-1,1
TTTGCGCTCGATAGAA-1,4
TTTGCGCTCTCTTGAT-1,3
TTTGGTTAGGATGGTC-1,1
TTTGGTTCACTTAAGC-1,2
TTTGGTTCAGGACGTA-1,1
TTTGGTTCATGCCTAA-1,5
TTTGGTTCATTGGCGC-1,5
TTTGGTTGTTATCACG-1,1
TTTGGTTTCGCTAGCG-1,8
TTTGTCACACTTAACG-1,5
TTTGTCACAGGTCCAC-1,5
TTTGTCAGTTAAGACA-1,3
TTTGTCATCCCAAGAT-1,2
