Cellbarcode,Cluster
AAACCTGAGAAGGCCT.1,3
AAACCTGAGACAGACC.1,3
AAACCTGAGATAGTCA.1,3
AAACCTGAGCGCCTCA.1,8
AAACCTGAGGCATGGT.1,3
AAACCTGCAAGGTTCT.1,2
AAACCTGCAGGATTGG.1,3
AAACCTGCAGGCGATA.1,4
AAACCTGCATCCCATC.1,1
AAACCTGCATGAAGTA.1,3
AAACCTGGTACATCCA.1,1
AAACCTGGTGCGGTAA.1,3
AAACCTGTCGTGGTCG.1,3
AAACCTGTCTCTGCTG.1,5
AAACGGGAGCGGCTTC.1,4
AAACGGGAGGCTAGCA.1,2
AAACGGGAGTGTCCAT.1,2
AAACGGGGTCTTCTCG.1,3
AAACGGGGTGGACGAT.1,2
AAACGGGGTTTGCATG.1,3
AAACGGGTCTGGGCCA.1,3
AAACGGGTCTGGTATG.1,2
AAAGATGAGACATAAC.1,8
AAAGATGGTCCCTACT.1,1
AAAGATGTCCGAATGT.1,2
AAAGATGTCTGGTTCC.1,3
AAAGCAAAGTGTCCAT.1,3
AAAGCAACACCGAAAG.1,2
AAAGCAAGTAAACACA.1,2
AAAGCAAGTCAAGCGA.1,3
AAAGCAAGTCTCACCT.1,3
AAAGCAAGTCTTTCAT.1,8
AAAGCAAGTTGTTTGG.1,3
AAAGCAATCGTATCAG.1,6
AAAGCAATCTGCCCTA.1,4
AAAGTAGAGAAGGTGA.1,8
AAAGTAGAGACAATAC.1,2
AAAGTAGAGCGACGTA.1,2
AAAGTAGAGGGCACTA.1,3
AAAGTAGAGTCAAGGC.1,3
AAAGTAGAGTCCATAC.1,1
AAAGTAGCACATGACT.1,1
AAAGTAGCAGCTGTTA.1,1
AAAGTAGGTAAGGGAA.1,3
AAAGTAGGTTACTGAC.1,3
AAAGTAGTCTCAAGTG.1,3
AAATGCCAGACGCACA.1,5
AAATGCCAGGGCTTCC.1,3
AAATGCCAGGGTATCG.1,3
AAATGCCCACATTTCT.1,2
AAATGCCCAGACACTT.1,3
AAATGCCGTGCAGTAG.1,2
AAATGCCGTTTCGCTC.1,3
AAATGCCTCACCAGGC.1,3
AAATGCCTCAGGCCCA.1,7
AACACGTAGGTGCTAG.1,3
AACACGTCACCTGGTG.1,3
AACACGTCATGGTTGT.1,2
AACACGTGTACCGTAT.1,3
AACACGTGTATCAGTC.1,3
AACACGTTCGCATGGC.1,2
AACACGTTCTTACCGC.1,2
AACCATGAGAGTACCG.1,4
AACCATGAGGAGCGTT.1,8
AACCATGCAGTCCTTC.1,3
AACCATGGTACAGCAG.1,3
AACCATGGTATCTGCA.1,3
AACCATGTCGGAAACG.1,3
AACCATGTCGGATGTT.1,3
AACCGCGAGACACTAA.1,8
AACCGCGAGATCCCAT.1,3
AACCGCGAGGGTGTGT.1,3
AACCGCGCACGGCCAT.1,2
AACCGCGCATGGTCTA.1,3
AACCGCGGTAAGTGTA.1,11
AACCGCGGTAGGAGTC.1,8
AACCGCGGTTACGCGC.1,3
AACCGCGTCTGCTTGC.1,3
AACGTTGAGGTCATCT.1,3
AACGTTGCACACCGCA.1,3
AACGTTGCAGTCGTGC.1,2
AACGTTGCAGTTAACC.1,8
AACGTTGGTGTAACGG.1,8
AACGTTGTCACTGGGC.1,4
AACGTTGTCCACGAAT.1,3
AACGTTGTCTTGTATC.1,11
AACTCAGCAACGATGG.1,11
AACTCAGCACGGTTTA.1,2
AACTCAGGTGCACTTA.1,2
AACTCAGGTGTAAGTA.1,3
AACTCAGGTTACCGAT.1,2
AACTCAGGTTGTCGCG.1,3
AACTCAGGTTTGACAC.1,4
AACTCAGTCAGAGCTT.1,6
AACTCAGTCCAACCAA.1,2
AACTCCCAGAAACCTA.1,3
AACTCCCAGCGTGAAC.1,3
AACTCCCCACATGGGA.1,3
AACTCCCCACCATGTA.1,2
AACTCCCCACTACAGT.1,1
AACTCCCCATTAGCCA.1,2
AACTCCCCATTGGTAC.1,11
AACTCCCGTACCGTAT.1,3
AACTCCCGTAGAGGAA.1,6
AACTCCCGTATTCTCT.1,3
AACTCCCGTCTCAACA.1,7
AACTCCCGTTGGTAAA.1,5
AACTCCCTCACGGTTA.1,8
AACTCCCTCGTATCAG.1,3
AACTCTTAGATAGGAG.1,3
AACTCTTCAAGGGTCA.1,2
AACTCTTCAGTCTTCC.1,2
AACTCTTGTTACGCGC.1,8
AACTCTTTCAACGAAA.1,5
AACTCTTTCTCTTATG.1,1
AACTGGTAGCGATAGC.1,3
AACTGGTAGCTGCCCA.1,2
AACTGGTGTACATCCA.1,3
AACTGGTGTACGAAAT.1,1
AACTGGTGTGAGCGAT.1,6
AACTGGTGTTTCGCTC.1,3
AACTGGTTCCTTCAAT.1,6
AACTGGTTCGGAGGTA.1,1
AACTTTCAGAGCTATA.1,2
AACTTTCAGAGTAAGG.1,8
AACTTTCAGGGTGTTG.1,3
AACTTTCCAATACGCT.1,1
AACTTTCCACACCGAC.1,1
AACTTTCCATAAAGGT.1,2
AACTTTCTCAACACGT.1,3
AACTTTCTCAAGGCTT.1,7
AACTTTCTCATCGGAT.1,4
AAGACCTAGAAACGAG.1,2
AAGACCTAGAATTCCC.1,3
AAGACCTAGCACCGTC.1,8
AAGACCTGTGAGGCTA.1,2
AAGACCTGTGCAGGTA.1,7
AAGACCTGTTTGACAC.1,3
AAGACCTTCACCGGGT.1,11
AAGACCTTCGAACGGA.1,3
AAGCCGCAGGCCATAG.1,8
AAGCCGCCAATCTGCA.1,8
AAGCCGCCAATGTAAG.1,4
AAGCCGCCACGAAACG.1,6
AAGCCGCGTAGCAAAT.1,8
AAGCCGCGTGTAACGG.1,3
AAGCCGCTCAAGGTAA.1,3
AAGGAGCAGTTATCGC.1,3
AAGGAGCCAAGTTAAG.1,8
AAGGAGCGTACGCACC.1,8
AAGGAGCGTACTCAAC.1,3
AAGGAGCGTAGTACCT.1,8
AAGGAGCGTCAAAGCG.1,8
AAGGAGCGTGGTTTCA.1,3
AAGGAGCGTTGAGGTG.1,9
AAGGAGCTCATGCAAC.1,7
AAGGAGCTCTGTGCAA.1,3
AAGGCAGAGAATCTCC.1,1
AAGGCAGAGTGGGTTG.1,3
AAGGCAGCAAATACAG.1,3
AAGGCAGCAAATCCGT.1,2
AAGGCAGCACCATCCT.1,4
AAGGCAGGTAGTGAAT.1,4
AAGGCAGGTGGTAACG.1,3
AAGGCAGTCCGCATCT.1,3
AAGGCAGTCCGCGGTA.1,3
AAGGCAGTCCTATGTT.1,7
AAGGCAGTCGTACGGC.1,2
AAGGTTCAGGTGATAT.1,3
AAGGTTCAGTGTACCT.1,8
AAGGTTCCAAGGCTCC.1,7
AAGGTTCCACACGCTG.1,3
AAGGTTCCACCGTTGG.1,3
AAGGTTCCACGAAACG.1,6
AAGGTTCGTGCCTGCA.1,2
AAGGTTCGTGTTCTTT.1,2
AAGGTTCGTTCACGGC.1,11
AAGGTTCTCCATGAAC.1,2
AAGGTTCTCTACTATC.1,6
AAGGTTCTCTCGTATT.1,1
AAGGTTCTCTTGAGGT.1,2
AAGTCTGAGAGGGATA.1,3
AAGTCTGAGAGTACAT.1,8
AAGTCTGAGCGGATCA.1,6
AAGTCTGAGTCAAGCG.1,1
AAGTCTGCAAGGGTCA.1,3
AAGTCTGCACTGTTAG.1,8
AATCCAGAGAGACTAT.1,6
AATCCAGAGCCAACAG.1,8
AATCCAGAGCCACCTG.1,9
AATCCAGAGTAATCCC.1,6
AATCCAGCACAGGCCT.1,9
AATCCAGCAGCCTGTG.1,3
AATCCAGGTAAAGTCA.1,3
AATCCAGGTATAATGG.1,11
AATCCAGGTGAAATCA.1,5
AATCCAGGTGCGCTTG.1,3
AATCCAGTCCCAGGTG.1,1
AATCCAGTCCGAATGT.1,2
AATCCAGTCTCCAGGG.1,2
AATCCAGTCTCGCTTG.1,3
AATCGGTCAGGACCCT.1,3
AATCGGTCATCGTCGG.1,3
AATCGGTGTCGGATCC.1,3
AATCGGTGTGACTCAT.1,2
AATCGGTGTTCCATGA.1,5
AATCGGTTCACCGTAA.1,3
ACACCAAAGAAACGCC.1,6
ACACCAAAGACTGGGT.1,2
ACACCAAAGGCAAAGA.1,3
ACACCAAAGGCAATTA.1,3
ACACCAAAGGCTATCT.1,2
ACACCAAAGTTCCACA.1,2
ACACCAAAGTTTCCTT.1,3
ACACCAACAACTGCTA.1,2
ACACCAAGTAGCGATG.1,2
ACACCAATCATTGCGA.1,3
ACACCAATCTTGACGA.1,2
ACACCCTAGTACGTTC.1,1
ACACCCTAGTGTTAGA.1,2
ACACCCTCATCTCCCA.1,3
ACACCCTCATGCAATC.1,3
ACACCCTGTAAGGGCT.1,3
ACACCCTGTCGCTTTC.1,8
ACACCCTGTTCTGGTA.1,3
ACACCGGAGCTAAGAT.1,3
ACACCGGAGGCAGGTT.1,3
ACACCGGAGTAACCCT.1,3
ACACCGGCAACCGCCA.1,8
ACACCGGCACACATGT.1,6
ACACCGGCACAGGTTT.1,6
ACACCGGCAGCTGCTG.1,3
ACACCGGCATCCTTGC.1,3
ACACCGGGTATGAATG.1,1
ACACCGGTCCCATTTA.1,8
ACACCGGTCGTAGGAG.1,2
ACACTGAAGCGGCTTC.1,2
ACACTGACAAGTAATG.1,2
ACACTGACACAGGTTT.1,3
ACACTGAGTGGTGTAG.1,3
ACACTGATCCTTCAAT.1,8
ACACTGATCGTTACGA.1,8
ACACTGATCTTTAGGG.1,2
ACAGCCGCAGTTCATG.1,9
ACAGCCGGTCATACTG.1,3
ACAGCCGGTCTCAACA.1,3
ACAGCCGGTCTTGATG.1,3
ACAGCCGTCACCGTAA.1,2
ACAGCTAAGATAGCAT.1,1
ACAGCTAAGCCGATTT.1,3
ACAGCTAAGGACAGCT.1,11
ACAGCTAAGTTAGGTA.1,2
ACAGCTACACTAAGTC.1,3
ACAGCTACATACGCTA.1,6
ACAGCTAGTAAGTGGC.1,3
ACAGCTAGTATTAGCC.1,2
ACAGCTAGTCGGGTCT.1,3
ACAGCTATCAACGGCC.1,8
ACAGCTATCGCATGAT.1,3
ACATACGAGTTACGGG.1,3
ACATACGCAGCTGCAC.1,3
ACATACGTCACCGGGT.1,3
ACATACGTCGGGAGTA.1,3
ACATCAGAGGTGCAAC.1,5
ACATCAGCAGCTGTAT.1,11
ACATCAGCATATACGC.1,1
ACATCAGGTGTGACCC.1,8
ACATCAGGTTTGTTTC.1,8
ACATGGTAGCATGGCA.1,1
ACATGGTAGTCTCAAC.1,2
ACATGGTCAAATACAG.1,8
ACATGGTCAACCGCCA.1,3
ACATGGTCATCGTCGG.1,7
ACATGGTCATTTCACT.1,7
ACATGGTTCTGCAAGT.1,1
ACCAGTAAGGGCTCTC.1,2
ACCAGTAAGTGATCGG.1,3
ACCAGTAGTACAAGTA.1,11
ACCAGTAGTAGAGCTG.1,3
ACCAGTAGTCTCTCTG.1,2
ACCAGTAGTGAGTGAC.1,2
ACCAGTAGTGGTTTCA.1,2
ACCAGTAGTTGACGTT.1,2
ACCAGTAGTTGTACAC.1,1
ACCAGTATCCGTACAA.1,3
ACCAGTATCCTCAATT.1,3
ACCAGTATCGCCTGAG.1,2
ACCAGTATCGCGTAGC.1,3
ACCAGTATCTCATTCA.1,4
ACCCACTAGCAATATG.1,1
ACCCACTAGCGCCTCA.1,6
ACCCACTAGCTAGTGG.1,3
ACCCACTAGGTGATAT.1,3
ACCCACTAGTGGACGT.1,1
ACCCACTCATAAGACA.1,1
ACCCACTGTAAGTAGT.1,2
ACCCACTGTAGGCTGA.1,3
ACCCACTTCAGTCAGT.1,11
ACCCACTTCGAGAGCA.1,2
ACCCACTTCGGAGCAA.1,11
ACCCACTTCGGCTTGG.1,2
ACCCACTTCTACTATC.1,1
ACCCACTTCTGTACGA.1,8
ACCGTAAAGATAGGAG.1,3
ACCGTAACAGGACCCT.1,1
ACCGTAAGTGGTCTCG.1,3
ACCGTAAGTTAAGACA.1,3
ACCGTAATCACATACG.1,3
ACCTTTAAGCAGCGTA.1,3
ACCTTTAAGTATTGGA.1,3
ACCTTTACAATTGCTG.1,8
ACCTTTACACATTAGC.1,1
ACCTTTACACCGTTGG.1,1
ACCTTTACATGGTCAT.1,6
ACCTTTACATGTTGAC.1,3
ACCTTTATCTCTTATG.1,5
ACGAGCCAGAGTACCG.1,1
ACGAGCCAGGGTCTCC.1,2
ACGAGCCAGTCGATAA.1,2
ACGAGCCCAGGGTTAG.1,3
ACGAGCCCATGAACCT.1,2
ACGAGCCCATTGAGCT.1,2
ACGAGCCGTTGGTAAA.1,8
ACGAGCCTCCTCAACC.1,1
ACGAGCCTCGGAGCAA.1,3
ACGAGCCTCTCTGAGA.1,3
ACGAGCCTCTGTTTGT.1,8
ACGAGGAAGAATGTTG.1,3
ACGAGGAAGCAATATG.1,2
ACGAGGAAGCACACAG.1,3
ACGAGGAAGCTAACTC.1,2
ACGAGGAAGTGGTAGC.1,7
ACGAGGACAAAGGAAG.1,6
ACGAGGACATCAGTCA.1,1
ACGAGGACATTCGACA.1,5
ACGAGGATCTACTATC.1,2
ACGATACAGAATGTTG.1,3
ACGATACAGCCCAGCT.1,4
ACGATACAGGAACTGC.1,3
ACGATACCAATTCCTT.1,7
ACGATACCAGATGAGC.1,3
ACGATACCATGCCTAA.1,3
ACGATACGTCGGCATC.1,2
ACGATACGTTAAGAAC.1,3
ACGATACTCGTAGGTT.1,6
ACGATGTAGAGACTAT.1,3
ACGATGTAGATCTGCT.1,2
ACGATGTAGTCCAGGA.1,3
ACGATGTGTCATCGGC.1,3
ACGCAGCAGTGACATA.1,11
ACGCAGCCACCTTGTC.1,3
ACGCAGCCATAAAGGT.1,4
ACGCAGCGTGTGGCTC.1,3
ACGCAGCGTTTACTCT.1,9
ACGCAGCTCTACTATC.1,2
ACGCAGCTCTCGAGTA.1,5
ACGCCAGAGAATAGGG.1,9
ACGCCAGAGAGACGAA.1,2
ACGCCAGAGGGTATCG.1,4
ACGCCAGAGTACGTAA.1,2
ACGCCAGGTACTCTCC.1,7
ACGCCAGGTGAACCTT.1,1
ACGCCAGTCAAGCCTA.1,3
ACGCCGAAGATTACCC.1,3
ACGCCGAAGTCGTACT.1,8
ACGCCGAGTCATATCG.1,2
ACGCCGAGTGCTAGCC.1,2
ACGCCGATCAGGATCT.1,3
ACGCCGATCTTAACCT.1,3
ACGGAGAGTCACAAGG.1,3
ACGGAGAGTCGAGTTT.1,3
ACGGAGATCGTGACAT.1,6
ACGGCCAAGAGATGAG.1,8
ACGGCCAAGCGACGTA.1,1
ACGGCCAAGCGATGAC.1,6
ACGGCCAAGGAGTAGA.1,8
ACGGCCAAGTACGTAA.1,3
ACGGCCAAGTGACTCT.1,3
ACGGCCACAGGGTTAG.1,3
ACGGCCAGTCTCATCC.1,2
ACGGCCAGTTAAAGAC.1,8
ACGGCCATCCTTTACA.1,3
ACGGCCATCTTGTACT.1,8
ACGGGCTAGTTCGATC.1,3
ACGGGCTCACGGTTTA.1,5
ACGGGCTCATGATCCA.1,3
ACGGGCTGTAAACACA.1,8
ACGGGCTGTACAGACG.1,3
ACGGGCTGTCATACTG.1,2
ACGGGCTGTCTTCTCG.1,3
ACGGGCTGTGTTGAGG.1,1
ACGGGCTGTTATGCGT.1,2
ACGGGCTGTTGACGTT.1,2
ACGGGCTTCCACGTGG.1,3
ACGGGTCAGCTACCTA.1,7
ACGGGTCCAGGGAGAG.1,2
ACGGGTCGTATCACCA.1,3
ACGGGTCGTCGACTGC.1,3
ACGGGTCGTGCACCAC.1,3
ACGGGTCGTGCTCTTC.1,3
ACGGGTCGTGGTCCGT.1,3
ACGGGTCGTTACAGAA.1,3
ACGGGTCTCACTCCTG.1,3
ACGGGTCTCCGCTGTT.1,1
ACGGGTCTCGCTGATA.1,8
ACGTCAAAGACGCTTT.1,8
ACGTCAAAGACTTGAA.1,8
ACGTCAAAGGCCCTCA.1,3
ACGTCAAAGGGTCTCC.1,3
ACGTCAAGTAAGAGAG.1,2
ACGTCAAGTATGGTTC.1,2
ACGTCAAGTCTAGGTT.1,3
ACGTCAAGTTCAGCGC.1,3
ACGTCAATCTGGCGAC.1,8
ACTATCTAGTCTCAAC.1,10
ACTATCTAGTTATCGC.1,7
ACTATCTGTATATCCG.1,3
ACTATCTGTTAAGAAC.1,8
ACTATCTGTTATCACG.1,3
ACTATCTTCACAGGCC.1,3
ACTATCTTCCGTACAA.1,3
ACTATCTTCGCCATAA.1,3
ACTATCTTCTACGAGT.1,3
ACTGAACAGCGTTGCC.1,3
ACTGAACCAAGCCGTC.1,3
ACTGAACCAGCCAATT.1,1
ACTGAACCAGGCAGTA.1,3
ACTGAACGTAGCTTGT.1,3
ACTGAACGTTTGTGTG.1,7
ACTGAACTCGTTTGCC.1,11
ACTGAACTCTGGCGTG.1,3
ACTGAACTCTTTAGTC.1,4
ACTGAGTAGAATTCCC.1,2
ACTGAGTAGTTGTAGA.1,3
ACTGAGTCAACACGCC.1,3
ACTGAGTCAGCGAACA.1,6
ACTGAGTCATCCCATC.1,4
ACTGAGTCATGATCCA.1,1
ACTGAGTGTAGCTAAA.1,3
ACTGAGTGTCATACTG.1,2
ACTGAGTGTCCTAGCG.1,11
ACTGAGTGTGACCAAG.1,3
ACTGAGTGTGAGTGAC.1,1
ACTGAGTGTTGATTGC.1,2
ACTGAGTTCCGGGTGT.1,5
ACTGAGTTCGAATCCA.1,2
ACTGAGTTCGCCAGCA.1,3
ACTGATGAGGTAAACT.1,3
ACTGATGCAAGAAAGG.1,3
ACTGATGCAAGTTAAG.1,3
ACTGATGCAATACGCT.1,3
ACTGATGCACCTGGTG.1,3
ACTGATGCACGTTGGC.1,1
ACTGATGCAGTCCTTC.1,3
ACTGATGCATGGGACA.1,3
ACTGATGCATTCCTGC.1,3
ACTGATGGTCAGCTAT.1,3
ACTGATGTCAGTACGT.1,3
ACTGATGTCGGTCTAA.1,5
ACTGATGTCTTGGGTA.1,6
ACTGCTCAGCCAGTAG.1,1
ACTGCTCAGGGTATCG.1,3
ACTGCTCAGTATCGAA.1,8
ACTGCTCCAATGAATG.1,6
ACTGCTCCAGGGTACA.1,2
ACTGCTCGTCTGATTG.1,3
ACTGCTCTCCTCAATT.1,3
ACTGCTCTCCTCATTA.1,2
ACTGCTCTCGGCTACG.1,2
ACTGCTCTCTTGTCAT.1,8
ACTGTCCAGCCACGTC.1,1
ACTGTCCAGCTCCTTC.1,3
ACTGTCCAGCTGAAAT.1,2
ACTGTCCAGTGGGATC.1,3
ACTGTCCCACGAGGTA.1,3
ACTGTCCCAGCCTGTG.1,3
ACTGTCCCATGTAGTC.1,2
ACTGTCCCATGTCGAT.1,7
ACTGTCCCATTCCTGC.1,5
ACTGTCCGTATGGTTC.1,3
ACTGTCCGTTAAGTAG.1,3
ACTGTCCTCACAGGCC.1,3
ACTTACTAGATCCTGT.1,1
ACTTACTAGCTATGCT.1,2
ACTTACTAGTCCCACG.1,3
ACTTACTCAAGCCGCT.1,3
ACTTACTCACTGCCAG.1,3
ACTTACTCAGTACACT.1,11
ACTTACTCATTTGCTT.1,7
ACTTACTGTTGCGTTA.1,2
ACTTACTTCAGTTCGA.1,2
ACTTGTTAGGGTGTGT.1,2
ACTTGTTCAACTGGCC.1,7
ACTTGTTCACCGGAAA.1,3
ACTTGTTGTCCGAGTC.1,3
ACTTGTTGTGACCAAG.1,2
ACTTGTTGTGACGCCT.1,11
ACTTGTTGTGTCCTCT.1,2
ACTTGTTTCATGTCTT.1,8
ACTTGTTTCCCGACTT.1,3
ACTTGTTTCGAACTGT.1,3
ACTTGTTTCGGCTACG.1,11
ACTTGTTTCTGGAGCC.1,11
ACTTGTTTCTTAGAGC.1,2
ACTTTCAAGCTAGTCT.1,11
ACTTTCAAGTGCGATG.1,5
ACTTTCACAAGCTGAG.1,1
ACTTTCACACATGTGT.1,2
ACTTTCACATCCCACT.1,7
ACTTTCAGTCGCTTCT.1,1
ACTTTCATCACAACGT.1,3
ACTTTCATCCACGACG.1,3
ACTTTCATCTCGTTTA.1,8
ACTTTCATCTGCGACG.1,3
AGAATAGAGACAAGCC.1,1
AGAATAGAGACCTTTG.1,5
AGAATAGCAAGCGAGT.1,3
AGAATAGCAGTGGGAT.1,3
AGAATAGCATTATCTC.1,3
AGAATAGGTGACCAAG.1,3
AGAATAGGTGGTCTCG.1,6
AGAATAGTCCAGATCA.1,3
AGAATAGTCCTATTCA.1,4
AGAATAGTCTGGCGAC.1,9
AGACGTTAGACCACGA.1,3
AGACGTTCATAGAAAC.1,2
AGACGTTGTGAAATCA.1,3
AGACGTTGTGACCAAG.1,2
AGACGTTGTTCCTCCA.1,2
AGACGTTTCTGGTATG.1,3
AGAGCGAAGTGTTAGA.1,3
AGAGCGACACAGACTT.1,6
AGAGCGACACGTCTCT.1,3
AGAGCGACACTTAACG.1,3
AGAGCGAGTTCCACTC.1,2
AGAGCGATCCGCAGTG.1,2
AGAGCTTAGACTGGGT.1,7
AGAGCTTAGAGCCCAA.1,3
AGAGCTTCACATGACT.1,2
AGAGCTTGTCAGAGGT.1,5
AGAGCTTGTCCGAATT.1,2
AGAGCTTGTCGCTTCT.1,6
AGAGCTTGTCTGATTG.1,11
AGAGCTTGTTGAGTTC.1,1
AGAGCTTTCAGTCAGT.1,3
AGAGTGGAGAGGGCTT.1,3
AGAGTGGAGTACGATA.1,3
AGAGTGGTCGGTCCGA.1,3
AGATCTGAGAGATGAG.1,3
AGATCTGAGGATCGCA.1,3
AGATCTGAGTCGAGTG.1,8
AGATCTGCAAAGCGGT.1,3
AGATCTGCACCAACCG.1,2
AGATCTGCAGGACGTA.1,3
AGATCTGCATCAGTAC.1,3
AGATCTGGTATGAATG.1,1
AGATCTGGTCCTGCTT.1,3
AGATCTGGTGTTCGAT.1,3
AGATCTGGTTATCCGA.1,2
AGATCTGTCTGCGTAA.1,4
AGATTGCAGCAATCTC.1,8
AGATTGCCATCGTCGG.1,7
AGATTGCGTCAACATC.1,3
AGATTGCGTTAAGAAC.1,2
AGATTGCTCAACGCTA.1,3
AGCAGCCAGATGTCGG.1,4
AGCAGCCAGCATGGCA.1,4
AGCAGCCCAGACACTT.1,6
AGCAGCCCAGATAATG.1,2
AGCAGCCGTTCAGTAC.1,1
AGCAGCCTCAATCACG.1,3
AGCAGCCTCAGAGCTT.1,3
AGCAGCCTCGAATCCA.1,3
AGCAGCCTCTGTACGA.1,2
AGCATACAGAAGAAGC.1,3
AGCATACCAAGCCATT.1,8
AGCATACCACAGGAGT.1,3
AGCATACTCCTCTAGC.1,3
AGCATACTCGGATGTT.1,5
AGCATACTCTTGCAAG.1,4
AGCCTAAAGGGAGTAA.1,3
AGCCTAACAAGGACAC.1,3
AGCCTAACAATGTAAG.1,11
AGCCTAACATCCTTGC.1,3
AGCCTAAGTAGAAGGA.1,3
AGCCTAAGTAGCGCAA.1,2
AGCCTAAGTCCGAACC.1,8
AGCCTAAGTTTGGGCC.1,3
AGCCTAATCATTCACT.1,4
AGCCTAATCTCGATGA.1,2
AGCGGTCAGAGTAATC.1,3
AGCGGTCAGATCACGG.1,3
AGCGGTCAGATCGGGT.1,3
AGCGGTCAGCTCCCAG.1,3
AGCGGTCAGTCCGGTC.1,3
AGCGGTCCAATGTTGC.1,3
AGCGGTCCATGTTGAC.1,2
AGCGGTCTCCCTTGCA.1,1
AGCGGTCTCCGAATGT.1,3
AGCGTATAGATACACA.1,3
AGCGTATCACGAGAGT.1,3
AGCGTATCAGGCTGAA.1,3
AGCGTATGTGTAACGG.1,2
AGCGTATTCTACTTAC.1,3
AGCGTCGAGACCGGAT.1,6
AGCGTCGAGATCCCAT.1,3
AGCGTCGAGTGAAGTT.1,3
AGCGTCGCACGGTGTC.1,2
AGCGTCGCACTCGACG.1,8
AGCGTCGCACTGTCGG.1,3
AGCGTCGCAGCAGTTT.1,8
AGCGTCGCAGTCAGAG.1,1
AGCGTCGGTGCGAAAC.1,8
AGCGTCGGTGTCAATC.1,3
AGCGTCGGTGTTCGAT.1,4
AGCGTCGGTTTCCACC.1,3
AGCTCCTAGATGCCTT.1,3
AGCTCCTAGCTAGTTC.1,2
AGCTCCTCACATGACT.1,2
AGCTCCTGTATAAACG.1,1
AGCTCCTTCTGCGGCA.1,8
AGCTCCTTCTTACCGC.1,5
AGCTCTCAGAGTCTGG.1,3
AGCTCTCAGATGCCAG.1,3
AGCTCTCAGCACCGCT.1,3
AGCTCTCAGGCTCATT.1,1
AGCTCTCAGTGACTCT.1,7
AGCTCTCAGTTACGGG.1,2
AGCTCTCCAATGTAAG.1,3
AGCTCTCCAGCTTCGG.1,3
AGCTCTCCATGGTCTA.1,3
AGCTCTCGTTGATTGC.1,3
AGCTCTCTCACATACG.1,8
AGCTCTCTCACCGTAA.1,8
AGCTCTCTCCAGAGGA.1,2
AGCTTGAAGCAATATG.1,3
AGCTTGAAGCCCAACC.1,6
AGCTTGAAGGTGCTTT.1,2
AGCTTGACAGGGTTAG.1,3
AGCTTGAGTAGGGTAC.1,3
AGCTTGAGTGACAAAT.1,2
AGCTTGAGTTAAGAAC.1,3
AGCTTGATCACTTATC.1,8
AGCTTGATCTTTAGTC.1,8
AGGCCACAGCTTATCG.1,3
AGGCCACAGGGTGTTG.1,3
AGGCCACAGTGTCCCG.1,2
AGGCCACCACCGAATT.1,8
AGGCCACGTAGAGCTG.1,8
AGGCCACGTGATAAGT.1,3
AGGCCACGTTCGTCTC.1,1
AGGCCACGTTTACTCT.1,3
AGGCCGTAGAACTGTA.1,2
AGGCCGTAGACTACAA.1,3
AGGCCGTAGCTCCTTC.1,3
AGGCCGTAGCTGGAAC.1,2
AGGCCGTAGGAATTAC.1,3
AGGCCGTCACATTAGC.1,2
AGGCCGTCAGCGTAAG.1,3
AGGCCGTGTACCATCA.1,3
AGGCCGTGTCTTGCGG.1,2
AGGCCGTTCGGCATCG.1,2
AGGGAGTCACATGACT.1,3
AGGGAGTCACGGTGTC.1,1
AGGGAGTGTCTTCTCG.1,3
AGGGAGTTCAAGCCTA.1,2
AGGGATGCAAGTAGTA.1,4
AGGGATGCAGCATACT.1,11
AGGGATGGTTTGACAC.1,7
AGGGATGGTTTGCATG.1,3
AGGGTGAGTGTATGGG.1,1
AGGGTGATCCCAACGG.1,8
AGGGTGATCGCCTGTT.1,3
AGGTCATAGCTAAGAT.1,2
AGGTCATCAATGGAAT.1,3
AGGTCATCACACCGAC.1,3
AGGTCATCAGCTTCGG.1,3
AGGTCATCATTGGCGC.1,9
AGGTCATGTTACCGAT.1,3
AGGTCATGTTCCACGG.1,2
AGGTCATGTTCGCTAA.1,2
AGGTCATTCACTTACT.1,1
AGGTCATTCCGCGGTA.1,5
AGGTCATTCCTTAATC.1,4
AGGTCCGAGAATTGTG.1,3
AGGTCCGAGAGGTTGC.1,3
AGGTCCGGTGAGGCTA.1,3
AGGTCCGTCCAAGTAC.1,6
AGGTCCGTCCTAAGTG.1,1
AGGTCCGTCGGACAAG.1,3
AGTAGTCAGGTACTCT.1,3
AGTAGTCAGTCCGTAT.1,11
AGTAGTCCACCGAAAG.1,2
AGTAGTCCATGGTTGT.1,3
AGTAGTCGTAACGACG.1,5
AGTAGTCGTAGAGCTG.1,8
AGTAGTCGTTCCCGAG.1,3
AGTAGTCGTTGATTCG.1,3
AGTAGTCTCACCTCGT.1,8
AGTAGTCTCAGGCCCA.1,2
AGTAGTCTCATTTGGG.1,6
AGTAGTCTCCGGCACA.1,3
AGTAGTCTCGTAGATC.1,3
AGTAGTCTCTGCGTAA.1,2
AGTCTTTAGCACAGGT.1,8
AGTCTTTCAAAGTCAA.1,6
AGTCTTTCAAGCTGGA.1,8
AGTCTTTCAGCCAGAA.1,2
AGTCTTTCAGCTCGAC.1,2
AGTCTTTCATGTTGAC.1,8
AGTCTTTCATTGGCGC.1,8
AGTCTTTGTCCATGAT.1,3
AGTCTTTGTCGCTTCT.1,2
AGTCTTTGTGTTTGGT.1,1
AGTCTTTTCCCAACGG.1,8
AGTCTTTTCGGTCTAA.1,3
AGTGAGGAGCCACTAT.1,3
AGTGAGGCAAGTCTAC.1,3
AGTGAGGCATAGACTC.1,3
AGTGAGGCATGGTCTA.1,6
AGTGAGGGTGTCTGAT.1,6
AGTGAGGGTTCCACAA.1,3
AGTGAGGGTTCGGGCT.1,11
AGTGAGGGTTTAAGCC.1,2
AGTGAGGTCTCGGACG.1,3
AGTGAGGTCTGTACGA.1,1
AGTGAGGTCTTTACGT.1,1
AGTGGGAAGACCCACC.1,3
AGTGGGACACTTCTGC.1,8
AGTGGGACAGCTTCGG.1,2
AGTGGGAGTACAGACG.1,2
AGTGGGAGTAGCGTGA.1,3
AGTGGGAGTAGCTAAA.1,2
AGTGGGAGTCAGAAGC.1,1
AGTGGGAGTGCCTGTG.1,5
AGTGGGAGTGCCTTGG.1,11
AGTGGGATCACTTACT.1,2
AGTGGGATCATCACCC.1,2
AGTGGGATCTTAACCT.1,4
AGTGTCAAGGGTGTTG.1,3
AGTGTCACAGACGTAG.1,3
AGTGTCACAGCTGCTG.1,3
AGTGTCAGTGCAGTAG.1,2
AGTGTCAGTTACGACT.1,2
AGTGTCATCATAACCG.1,2
AGTGTCATCCGCGGTA.1,2
AGTTGGTAGGACATTA.1,8
AGTTGGTGTACCGGCT.1,3
AGTTGGTGTCTAAACC.1,2
AGTTGGTGTGCCTTGG.1,8
AGTTGGTGTGGTACAG.1,8
AGTTGGTTCCTAGAAC.1,3
AGTTGGTTCGCGATCG.1,3
AGTTGGTTCTGCGGCA.1,1
ATAACGCAGGTGACCA.1,2
ATAACGCAGTGTCCAT.1,3
ATAACGCCACAGGCCT.1,3
ATAACGCGTAAGTTCC.1,3
ATAACGCGTCAGATAA.1,6
ATAACGCGTTCGAATC.1,3
ATAACGCTCCTGTAGA.1,3
ATAACGCTCTACGAGT.1,2
ATAACGCTCTTGTTTG.1,8
ATAAGAGCACCCAGTG.1,2
ATAAGAGCATCGGGTC.1,8
ATAAGAGGTTCACCTC.1,4
ATAAGAGTCCGATATG.1,1
ATAAGAGTCGAATGCT.1,8
ATAAGAGTCGCCATAA.1,8
ATAAGAGTCTGCAGTA.1,7
ATAGACCAGTACGCGA.1,2
ATAGACCAGTGGAGAA.1,2
ATAGACCCAAAGAATC.1,1
ATAGACCCAGCTGTTA.1,3
ATAGACCGTAAGGGAA.1,3
ATAGACCGTCAGGACA.1,11
ATAGACCGTGCACCAC.1,3
ATAGACCGTGTCAATC.1,2
ATAGACCGTGTGACGA.1,3
ATAGACCTCAATCACG.1,2
ATAGACCTCTCACATT.1,2
ATAGACCTCTCGATGA.1,3
ATCACGAAGAAGCCCA.1,2
ATCACGACAACACCTA.1,7
ATCACGACATCCTTGC.1,2
ATCACGAGTCTGGTCG.1,1
ATCACGATCACCACCT.1,1
ATCACGATCATCGCTC.1,7
ATCACGATCATGTAGC.1,3
ATCACGATCCAAGCCG.1,8
ATCATCTAGACAAGCC.1,3
ATCATCTAGCGCCTCA.1,5
ATCATCTAGCTCCTCT.1,3
ATCATCTAGGATGGTC.1,3
ATCATCTAGGCACATG.1,3
ATCATCTCAGTAAGCG.1,1
ATCATCTCAGTACACT.1,8
ATCATCTCATCCAACA.1,3
ATCATCTGTGACTACT.1,2
ATCATCTTCGTCCAGG.1,3
ATCATGGAGCTGCGAA.1,2
ATCATGGAGGCAATTA.1,2
ATCATGGAGGCCCTCA.1,2
ATCATGGAGTTGAGAT.1,2
ATCATGGCAAATCCGT.1,3
ATCATGGCAATGAATG.1,2
ATCATGGCAGCCAATT.1,4
ATCATGGCAGGGTACA.1,2
ATCATGGGTAACGTTC.1,1
ATCATGGGTCAATACC.1,2
ATCCACCAGAGCTGGT.1,3
ATCCACCAGCAGACTG.1,3
ATCCACCAGCGATCCC.1,2
ATCCACCAGCGTTTAC.1,3
ATCCACCAGGAGCGTT.1,1
ATCCACCAGTCACGCC.1,11
ATCCACCCAACGCACC.1,3
ATCCACCCAACTGGCC.1,7
ATCCACCCAAGCGCTC.1,7
ATCCACCCAAGTCTGT.1,11
ATCCACCCACAGTCGC.1,2
ATCCACCCAGGGTTAG.1,1
ATCCACCCATTACGAC.1,3
ATCCACCGTATCAGTC.1,8
ATCCACCTCTAACGGT.1,3
ATCCGAAAGTTTAGGA.1,3
ATCCGAACACACTGCG.1,2
ATCCGAACAGTTCCCT.1,11
ATCCGAAGTAACGCGA.1,8
ATCCGAAGTACTCAAC.1,11
ATCCGAAGTCTTGATG.1,2
ATCCGAAGTGACTCAT.1,2
ATCCGAATCCTTGCCA.1,3
ATCCGAATCGGAATCT.1,11
ATCGAGTAGCCAGAAC.1,2
ATCGAGTAGCCCAATT.1,2
ATCGAGTAGCTCTCGG.1,3
ATCGAGTCAAAGGTGC.1,3
ATCGAGTCAACAACCT.1,3
ATCGAGTCAGGTCCAC.1,7
ATCGAGTCATCACAAC.1,3
ATCGAGTCATCCTAGA.1,3
ATCGAGTGTACAGCAG.1,1
ATCGAGTGTCGTGGCT.1,9
ATCGAGTGTGATGTGG.1,3
ATCGAGTGTGCAGTAG.1,2
ATCGAGTGTTCAGTAC.1,3
ATCGAGTGTTTAAGCC.1,2
ATCGAGTTCATTTGGG.1,2
ATCGAGTTCCGCATAA.1,3
ATCGAGTTCGCAAGCC.1,9
ATCTACTAGAGCTTCT.1,3
ATCTACTCAAACGCGA.1,7
ATCTACTGTTGGTAAA.1,2
ATCTACTGTTTAGCTG.1,2
ATCTACTTCCCATTTA.1,2
ATCTACTTCGTTTATC.1,2
ATCTACTTCTATCCCG.1,2
ATCTACTTCTGAGTGT.1,3
ATCTACTTCTGGTTCC.1,6
ATCTGCCAGACAAAGG.1,8
ATCTGCCAGTGTACCT.1,3
ATCTGCCAGTTGTAGA.1,3
ATCTGCCCACCAGATT.1,2
ATCTGCCCACCAGTTA.1,3
ATCTGCCGTACTTGAC.1,1
ATCTGCCTCAACACCA.1,3
ATGAGGGAGAAGGTGA.1,3
ATGAGGGAGCGTGTCC.1,3
ATGAGGGCAGACGTAG.1,6
ATGAGGGCATATGGTC.1,2
ATGAGGGCATGCAACT.1,3
ATGAGGGTCAAACCGT.1,3
ATGAGGGTCCCAAGTA.1,5
ATGAGGGTCGTCGTTC.1,7
ATGCGATAGCTAGTGG.1,6
ATGCGATAGGCGATAC.1,2
ATGCGATAGGCTAGCA.1,3
ATGCGATGTACATGTC.1,6
ATGCGATTCAGGATCT.1,7
ATGGGAGAGAGTCGGT.1,3
ATGGGAGAGCACACAG.1,3
ATGGGAGAGTCCCACG.1,3
ATGGGAGCAGCTCGCA.1,4
ATGGGAGCAGTACACT.1,3
ATGGGAGCATCAGTCA.1,1
ATGGGAGGTAAACCTC.1,2
ATGGGAGGTAGCGTGA.1,2
ATGGGAGGTCTTGATG.1,8
ATGGGAGTCAACTCTT.1,7
ATGGGAGTCGACAGCC.1,11
ATGTGTGAGAGGGATA.1,3
ATGTGTGAGAGTCTGG.1,7
ATGTGTGAGCACCGTC.1,4
ATGTGTGAGCCCTAAT.1,3
ATGTGTGAGGGCATGT.1,3
ATGTGTGCATGCAACT.1,1
ATGTGTGGTCCCTACT.1,3
ATGTGTGGTCTTCAAG.1,2
ATGTGTGGTGCACTTA.1,1
ATGTGTGTCAGGTAAA.1,11
ATGTGTGTCTCTGCTG.1,1
ATTACTCAGAGGGATA.1,1
ATTACTCAGCCACGCT.1,3
ATTACTCAGTGATCGG.1,1
ATTACTCCACAAGTAA.1,2
ATTACTCGTACTCAAC.1,1
ATTACTCGTGAACCTT.1,2
ATTACTCTCGGCCGAT.1,3
ATTATCCAGAGGGCTT.1,11
ATTATCCAGGGTCTCC.1,1
ATTATCCCAATAGCAA.1,2
ATTATCCCAGTATAAG.1,3
ATTATCCGTAAATGAC.1,2
ATTATCCGTCTCTCGT.1,2
ATTATCCTCGGATGTT.1,2
ATTCTACCAAGTAGTA.1,1
ATTCTACGTCGAGTTT.1,2
ATTCTACGTTCGCGAC.1,3
ATTCTACTCATCGCTC.1,5
ATTGGACAGAGTACAT.1,5
ATTGGACAGCACCGTC.1,2
ATTGGACAGCGTTCCG.1,1
ATTGGACAGTACGTAA.1,3
ATTGGACAGTGACATA.1,8
ATTGGACCATCGGGTC.1,3
ATTGGACGTCGACTAT.1,3
ATTGGACGTCTGCGGT.1,2
ATTGGACGTCTTCGTC.1,3
ATTGGACGTTCACGGC.1,2
ATTGGACTCCTCATTA.1,3
ATTGGACTCCTGTACC.1,6
ATTGGACTCGAATGCT.1,2
ATTGGACTCTTCAACT.1,3
ATTGGACTCTTGTACT.1,1
ATTGGTGAGGAATTAC.1,2
ATTGGTGCATCAGTAC.1,7
ATTGGTGGTCCGTCAG.1,3
ATTGGTGGTCGCTTTC.1,3
ATTGGTGGTCTTGTCC.1,3
ATTGGTGGTTACGACT.1,11
ATTGGTGTCGTTGACA.1,3
ATTTCTGAGTCATGCT.1,3
ATTTCTGCAAGAGTCG.1,2
ATTTCTGGTGACAAAT.1,3
ATTTCTGTCACCTTAT.1,7
ATTTCTGTCTGGGCCA.1,3
CAACCAAAGCGTAGTG.1,3
CAACCAAAGTTACGGG.1,6
CAACCAACACAGACAG.1,3
CAACCAACAGGGTTAG.1,3
CAACCAAGTAAGAGGA.1,3
CAACCAATCTCGCATC.1,2
CAACCTCAGATAGGAG.1,3
CAACCTCGTAGGCATG.1,8
CAACCTCTCAACACGT.1,6
CAACCTCTCTGCTGTC.1,2
CAACTAGAGAAACCAT.1,1
CAACTAGAGGTGCAAC.1,2
CAACTAGAGTGTGAAT.1,2
CAACTAGCAACTGCGC.1,3
CAACTAGCACACCGAC.1,3
CAACTAGGTAGCTTGT.1,2
CAACTAGGTGCACTTA.1,3
CAACTAGGTTAAAGTG.1,2
CAACTAGTCAGCATGT.1,7
CAACTAGTCAGTTAGC.1,8
CAACTAGTCCTCTAGC.1,11
CAAGAAAAGACTAGAT.1,4
CAAGAAAAGCTGCGAA.1,3
CAAGAAAAGGCTAGGT.1,2
CAAGAAACACAGTCGC.1,3
CAAGAAACAGCTATTG.1,1
CAAGAAACAGTCGATT.1,6
CAAGAAATCCAGAAGG.1,8
CAAGAAATCCGCTGTT.1,3
CAAGAAATCGAACGGA.1,6
CAAGAAATCTCTAAGG.1,3
CAAGATCAGATACACA.1,7
CAAGATCCACATAACC.1,2
CAAGATCCAGCTTCGG.1,2
CAAGATCCATGGATGG.1,3
CAAGATCGTAAATGTG.1,3
CAAGATCGTCGAACAG.1,8
CAAGATCGTCGCATAT.1,3
CAAGATCTCACCTCGT.1,2
CAAGATCTCATCGGAT.1,3
CAAGGCCAGACGACGT.1,3
CAAGGCCAGAGCTATA.1,3
CAAGGCCAGCGATAGC.1,2
CAAGGCCAGCGTTCCG.1,3
CAAGGCCCACCTTGTC.1,6
CAAGGCCCAGGGATTG.1,8
CAAGGCCGTATCAGTC.1,2
CAAGGCCGTCGCATAT.1,2
CAAGGCCGTCGCTTTC.1,3
CAAGGCCGTGAACCTT.1,3
CAAGGCCTCCGTAGGC.1,3
CAAGGCCTCTCGCTTG.1,6
CAAGTTGAGATCCTGT.1,4
CAAGTTGCAAGCGAGT.1,2
CAAGTTGCAATCTGCA.1,11
CAAGTTGCATACTCTT.1,3
CAAGTTGCATCAGTCA.1,5
CAAGTTGGTCAGATAA.1,3
CAAGTTGGTTCTGAAC.1,8
CAAGTTGTCACGCATA.1,1
CAAGTTGTCCGCGTTT.1,3
CAAGTTGTCTATGTGG.1,8
CAAGTTGTCTGCTTGC.1,3
CACAAACAGACTGGGT.1,3
CACAAACAGCCAGGAT.1,2
CACAAACAGTGTGGCA.1,2
CACAAACGTAGATTAG.1,3
CACAAACGTCAAAGAT.1,6
CACAAACGTGCTTCTC.1,3
CACAAACTCCGCATAA.1,3
CACAAACTCCGTAGGC.1,11
CACAAACTCGGTGTTA.1,5
CACAAACTCTTAACCT.1,8
CACACAAAGCAAATCA.1,2
CACACAAAGCGTAGTG.1,8
CACACAAAGTGAATTG.1,3
CACACAAAGTTATCGC.1,2
CACACAACAGCTCCGA.1,8
CACACAACAGTCTTCC.1,3
CACACAAGTACATGTC.1,2
CACACAAGTGAGTGAC.1,3
CACACAAGTTCAGCGC.1,3
CACACAATCAATAAGG.1,3
CACACAATCCTGTACC.1,3
CACACCTAGATCTGAA.1,2
CACACCTAGTGAACGC.1,4
CACACCTCAGACGTAG.1,1
CACACCTGTATCGCAT.1,3
CACACCTGTGCCTGGT.1,2
CACACCTGTTAGAACA.1,6
CACACCTTCGAATCCA.1,4
CACACCTTCGGTCTAA.1,2
CACACTCAGAAGAAGC.1,2
CACACTCCACCCATGG.1,3
CACACTCCAGACAAGC.1,2
CACACTCCAGTAACGG.1,7
CACACTCGTACAGTTC.1,1
CACACTCGTACGACCC.1,2
CACAGGCAGAAACCGC.1,3
CACAGGCAGCTCAACT.1,8
CACAGGCAGTGGCACA.1,3
CACAGGCCAAGCGCTC.1,3
CACAGGCCACGAAAGC.1,1
CACAGGCGTGATGTCT.1,4
CACAGGCGTGGTACAG.1,3
CACAGGCTCAATACCG.1,3
CACAGGCTCACGGTTA.1,2
CACAGTAAGAGGTTAT.1,3
CACAGTAAGGATCGCA.1,1
CACAGTACATACGCTA.1,3
CACAGTAGTATCACCA.1,3
CACAGTAGTCTGCCAG.1,3
CACAGTAGTCTGGTCG.1,1
CACAGTAGTTCGTCTC.1,8
CACAGTATCTCTTGAT.1,8
CACATAGAGACACTAA.1,8
CACATAGCAAGACGTG.1,3
CACATAGCAAGGACTG.1,2
CACATAGCACCTGGTG.1,3
CACATAGCATAGAAAC.1,3
CACATAGCATGAACCT.1,3
CACATAGGTCATCGGC.1,3
CACATAGGTGAAGGCT.1,3
CACATAGGTGCGCTTG.1,2
CACATAGGTTTGGGCC.1,3
CACATAGTCATGTGGT.1,4
CACATAGTCTCGCATC.1,4
CACATTTCAACACCTA.1,3
CACATTTCAGCTTAAC.1,3
CACATTTCATCACCCT.1,3
CACATTTGTACCGTAT.1,2
CACATTTGTAGCTCCG.1,8
CACATTTTCAAGGCTT.1,11
CACATTTTCCAAACAC.1,1
CACATTTTCCACGTGG.1,2
CACATTTTCCGTTGCT.1,11
CACCACTCACGTTGGC.1,1
CACCACTGTTCAGCGC.1,3
CACCACTTCACAGGCC.1,3
CACCACTTCATCGGAT.1,6
CACCACTTCCGATATG.1,2
CACCACTTCTGCAAGT.1,1
CACCAGGCAATCGAAA.1,3
CACCAGGCATGGATGG.1,1
CACCAGGGTATTCTCT.1,3
CACCAGGGTGACAAAT.1,2
CACCAGGTCAAGAAGT.1,3
CACCAGGTCGAGGTAG.1,3
CACCAGGTCGGACAAG.1,2
CACCAGGTCTTCGAGA.1,3
CACCTTGAGCAGATCG.1,3
CACCTTGCAACTGGCC.1,7
CACCTTGCAATGAATG.1,3
CACCTTGCACAGCCCA.1,3
CACCTTGGTATTCGTG.1,11
CACCTTGGTCGAACAG.1,3
CACCTTGGTGGTCCGT.1,4
CACCTTGTCGTGGTCG.1,3
CACCTTGTCTCCTATA.1,7
CACTCCAAGAACAATC.1,5
CACTCCACAGTGAGTG.1,7
CACTCCAGTAACGCGA.1,3
CACTCCAGTCTCGTTC.1,1
CACTCCATCGGCCGAT.1,3
CACTCCATCGTGACAT.1,3
CACTCCATCTGAAAGA.1,3
CAGAATCAGAGACTAT.1,3
CAGAATCAGATGTGGC.1,2
CAGAATCAGCGACGTA.1,3
CAGAATCCAATGAAAC.1,9
CAGAATCCATCTCGCT.1,1
CAGAATCCATTAGGCT.1,5
CAGAATCCATTGAGCT.1,6
CAGAATCGTAATTGGA.1,2
CAGAATCGTCTAGAGG.1,2
CAGAATCTCCAACCAA.1,3
CAGAATCTCTCTGAGA.1,1
CAGAGAGAGAGTTGGC.1,3
CAGAGAGAGCTAAACA.1,6
CAGAGAGAGGTCGGAT.1,3
CAGAGAGAGTCCATAC.1,6
CAGAGAGAGTGCCAGA.1,3
CAGAGAGAGTTATCGC.1,2
CAGAGAGCACATGGGA.1,7
CAGAGAGCAGTAGAGC.1,1
CAGAGAGCAGTGGAGT.1,11
CAGAGAGGTAAACCTC.1,5
CAGAGAGGTGAGGGAG.1,1
CAGAGAGGTTCGTGAT.1,3
CAGAGAGTCGAATGCT.1,2
CAGAGAGTCGTCTGCT.1,3
CAGAGAGTCTCCTATA.1,10
CAGATCAAGCAATCTC.1,5
CAGATCAGTAAGTAGT.1,3
CAGATCATCACGCATA.1,3
CAGATCATCAGCACAT.1,3
CAGATCATCATTATCC.1,3
CAGATCATCTGATTCT.1,2
CAGATCATCTTGCAAG.1,3
CAGCAGCAGAAGAAGC.1,7
CAGCAGCAGAATCTCC.1,1
CAGCAGCAGAGTAAGG.1,3
CAGCAGCAGATGCGAC.1,8
CAGCAGCAGGGTGTTG.1,5
CAGCAGCCATAACCTG.1,5
CAGCAGCCATGTCTCC.1,4
CAGCAGCGTATTCGTG.1,3
CAGCAGCGTCGGCTCA.1,2
CAGCAGCGTCTAGCCG.1,3
CAGCAGCGTTTACTCT.1,3
CAGCATAAGACTTGAA.1,4
CAGCATAAGTACGTTC.1,7
CAGCATAAGTCAAGGC.1,3
CAGCATAAGTTGAGTA.1,8
CAGCATACAAGTTAAG.1,8
CAGCATAGTTAGATGA.1,1
CAGCATATCATTGCGA.1,1
CAGCATATCCCTGACT.1,9
CAGCATATCGTTGCCT.1,2
CAGCCGAAGATCCCGC.1,1
CAGCCGAAGCGTAATA.1,3
CAGCCGAAGGTAGCTG.1,2
CAGCCGACACAGCGTC.1,2
CAGCCGACAGATTGCT.1,1
CAGCCGACAGTCGATT.1,1
CAGCCGACATGCGCAC.1,8
CAGCCGATCAATACCG.1,2
CAGCCGATCGCATGAT.1,11
CAGCCGATCGCTTGTC.1,3
CAGCCGATCTGTCTCG.1,3
CAGCGACAGAGTGACC.1,3
CAGCGACAGCATCATC.1,2
CAGCGACAGCTAGGCA.1,8
CAGCGACAGTGACTCT.1,5
CAGCGACCAAGCGAGT.1,3
CAGCGACCACACAGAG.1,3
CAGCGACCACCGTTGG.1,2
CAGCGACGTCTCCATC.1,1
CAGCGACGTGCCTTGG.1,11
CAGCGACGTGTGAAAT.1,3
CAGCGACGTGTGCCTG.1,3
CAGCGACGTTCTGGTA.1,3
CAGCGACGTTGTACAC.1,1
CAGCTAAAGATGCCTT.1,8
CAGCTAAAGCGCCTTG.1,3
CAGCTAAAGGCTCATT.1,3
CAGCTAACAAACTGTC.1,3
CAGCTAACAAGCGTAG.1,2
CAGCTAAGTACTTCTT.1,3
CAGCTAAGTCCGACGT.1,8
CAGCTAAGTCTTGATG.1,3
CAGCTAAGTGCTAGCC.1,1
CAGCTAATCCTTAATC.1,3
CAGCTAATCGCTAGCG.1,2
CAGCTGGCAGCTGCAC.1,3
CAGCTGGCAGTCGATT.1,3
CAGCTGGCATTCACTT.1,2
CAGCTGGGTAGTGAAT.1,7
CAGCTGGGTTGCGTTA.1,3
CAGCTGGTCGGCATCG.1,6
CAGCTGGTCTTCTGGC.1,3
CAGGTGCAGATCACGG.1,3
CAGGTGCAGGGTGTGT.1,2
CAGGTGCCAAGCTGTT.1,11
CAGGTGCCACTGTGTA.1,3
CAGGTGCGTAAATGAC.1,8
CAGGTGCGTATTACCG.1,3
CAGGTGCGTCGACTAT.1,2
CAGGTGCGTGGTACAG.1,3
CAGGTGCGTGTGGCTC.1,2
CAGGTGCGTTATTCTC.1,3
CAGTAACAGAGCTGGT.1,3
CAGTAACAGCCAACAG.1,3
CAGTAACAGGCCATAG.1,2
CAGTAACCAAAGGCGT.1,6
CAGTAACCAATGGTCT.1,6
CAGTAACCATGCCACG.1,3
CAGTAACCATGCGCAC.1,3
CAGTAACGTACAGACG.1,3
CAGTAACTCAAAGTAG.1,1
CAGTAACTCAACACTG.1,8
CAGTCCTAGAATTCCC.1,2
CAGTCCTAGATCCCAT.1,11
CAGTCCTAGCTAGCCC.1,1
CAGTCCTCACGAAGCA.1,3
CAGTCCTTCGGCGCAT.1,3
CAGTCCTTCTCACATT.1,3
CATATGGAGCGCCTCA.1,2
CATATGGAGCTCCTTC.1,3
CATATGGAGTACCGGA.1,1
CATATGGAGTAGCCGA.1,3
CATATGGAGTCGATAA.1,2
CATATGGCACAACGCC.1,2
CATATGGCACAGGAGT.1,2
CATATGGGTGGGTATG.1,5
CATATGGGTTCAACCA.1,3
CATATGGGTTTAAGCC.1,6
CATATGGTCAACGCTA.1,3
CATATTCAGTCTTGCA.1,3
CATATTCCAGGTTTCA.1,7
CATATTCGTATGAAAC.1,3
CATATTCGTCATGCCG.1,1
CATATTCGTGCCTTGG.1,6
CATATTCGTGCTTCTC.1,3
CATATTCTCGGAGGTA.1,8
CATATTCTCTCTTGAT.1,1
CATATTCTCTTGCATT.1,2
CATCAAGCAACTGCGC.1,2
CATCAAGCATGCAACT.1,2
CATCAAGGTGCGGTAA.1,7
CATCAAGGTGGCAAAC.1,3
CATCAAGTCACGACTA.1,3
CATCAAGTCCACGTGG.1,3
CATCAAGTCGCCAGCA.1,3
CATCAAGTCTCTGCTG.1,3
CATCAAGTCTTAACCT.1,3
CATCAGAAGAAACGCC.1,8
CATCAGAAGACAATAC.1,11
CATCAGAAGGGTATCG.1,2
CATCAGACACTCGACG.1,8
CATCAGAGTAACGACG.1,2
CATCAGAGTGACTCAT.1,9
CATCAGAGTTGCCTCT.1,7
CATCAGATCCGCGCAA.1,1
CATCAGATCGTCACGG.1,6
CATCCACAGACTAGGC.1,4
CATCCACAGCCCTAAT.1,11
CATCCACAGCGACGTA.1,7
CATCCACAGGCTATCT.1,3
CATCCACAGTTGTCGT.1,3
CATCCACCAAGGACAC.1,3
CATCCACCAAGTTCTG.1,3
CATCCACGTGGAAAGA.1,8
CATCCACGTTCCGGCA.1,3
CATCCACTCCTTAATC.1,2
CATCGAAAGCAGGCTA.1,3
CATCGAAAGCTGTCTA.1,3
CATCGAAAGGGCTTGA.1,3
CATCGAAAGTCATGCT.1,1
CATCGAACAGTAAGAT.1,2
CATCGAACATCAGTCA.1,1
CATCGAAGTAAATGTG.1,2
CATCGAATCAGCTTAG.1,2
CATCGAATCCCACTTG.1,1
CATCGAATCCTTTACA.1,1
CATCGAATCGACAGCC.1,2
CATCGAATCGAGAGCA.1,2
CATCGAATCTGCGGCA.1,4
CATCGGGAGTGAATTG.1,2
CATCGGGCAATACGCT.1,3
CATCGGGCACATGGGA.1,1
CATCGGGCAGACAAAT.1,8
CATCGGGCAGCTCCGA.1,8
CATCGGGCAGTGAGTG.1,3
CATCGGGCATGTCTCC.1,3
CATCGGGCATTATCTC.1,2
CATCGGGTCATCTGTT.1,3
CATCGGGTCATGTCTT.1,7
CATCGGGTCCCGACTT.1,7
CATGACAAGGGATACC.1,2
CATGACACAGATGAGC.1,3
CATGACAGTACCGAGA.1,4
CATGACAGTAGCCTCG.1,4
CATGACAGTCCATGAT.1,4
CATGACAGTGATGCCC.1,2
CATGACATCAACGAAA.1,2
CATGACATCGAGAGCA.1,3
CATGACATCGGATGTT.1,3
CATGCCTAGCATCATC.1,2
CATGCCTAGGTTCCTA.1,1
CATGCCTCAAGCGCTC.1,3
CATGCCTCAAGTAATG.1,3
CATGCCTCACCGAATT.1,3
CATGCCTCAGACAAAT.1,4
CATGCCTTCGCCCTTA.1,3
CATGCCTTCGGCGCTA.1,3
CATGGCGAGAGATGAG.1,7
CATGGCGAGCTGAAAT.1,3
CATGGCGAGCTGCCCA.1,6
CATGGCGCAGTAGAGC.1,9
CATGGCGCATATACCG.1,3
CATGGCGGTAGCGATG.1,3
CATGGCGGTCATGCAT.1,3
CATGGCGGTCCAGTGC.1,2
CATGGCGGTGGCTCCA.1,3
CATGGCGGTTCAGGCC.1,8
CATGGCGTCCATGAGT.1,2
CATGGCGTCGCCTGTT.1,8
CATGGCGTCGGACAAG.1,2
CATTATCAGCTGAAAT.1,11
CATTATCAGCTGCGAA.1,11
CATTATCCAAATTGCC.1,3
CATTATCCAGTGGGAT.1,9
CATTATCGTAAGCACG.1,2
CATTATCGTCTCACCT.1,2
CATTATCGTGGGTCAA.1,3
CATTATCTCAACTCTT.1,4
CATTATCTCAGAGACG.1,3
CATTATCTCGACCAGC.1,8
CATTATCTCTAACTCT.1,3
CATTATCTCTCGATGA.1,3
CATTATCTCTCTAGGA.1,3
CATTCGCAGACCTAGG.1,1
CATTCGCAGCCGATTT.1,3
CATTCGCCAAAGGTGC.1,7
CATTCGCCATATACCG.1,5
CATTCGCGTACCGCTG.1,2
CATTCGCGTTCCACAA.1,3
CATTCGCGTTCCACGG.1,2
CATTCGCTCTATCCCG.1,2
CCAATCCCAAACCTAC.1,8
CCAATCCCAAGCCGTC.1,3
CCAATCCCATCCCATC.1,1
CCAATCCGTATTCGTG.1,1
CCAATCCGTCTAGGTT.1,2
CCAATCCTCGAATCCA.1,2
CCAATCCTCTGCTGCT.1,3
CCACCTAAGAGAGCTC.1,3
CCACCTAAGGCTAGCA.1,1
CCACCTAAGTGGAGAA.1,3
CCACCTACACCGATAT.1,2
CCACCTACATTGAGCT.1,7
CCACCTAGTACCGTAT.1,3
CCACCTAGTGAACCTT.1,8
CCACCTAGTTGTGGCC.1,1
CCACCTATCATCTGTT.1,3
CCACCTATCCAACCAA.1,3
CCACCTATCTGTCTAT.1,4
CCACGGAAGTGTACCT.1,2
CCACGGACAGAGTGTG.1,2
CCACGGACATGCCTTC.1,3
CCACGGACATTAACCG.1,1
CCACGGAGTAATAGCA.1,3
CCACGGAGTGAGGGAG.1,3
CCACGGAGTTTGGCGC.1,11
CCACGGATCAGTTCGA.1,1
CCACTACAGACGACGT.1,8
CCACTACAGCTAGTGG.1,3
CCACTACCACGGACAA.1,2
CCACTACCATCGGAAG.1,5
CCACTACGTAGCGCTC.1,11
CCACTACGTCAATGTC.1,7
CCACTACGTCGAAAGC.1,2
CCACTACTCATGTAGC.1,3
CCACTACTCTCTGCTG.1,7
CCAGCGAAGATCCGAG.1,8
CCAGCGAAGCTGGAAC.1,2
CCAGCGAAGTCAAGCG.1,3
CCAGCGAAGTTGCAGG.1,7
CCAGCGACACAACGCC.1,8
CCAGCGAGTTCGTCTC.1,11
CCAGCGATCAGTTTGG.1,3
CCAGCGATCGGAAACG.1,3
CCAGCGATCTTCATGT.1,3
CCATGTCAGCCACCTG.1,6
CCATGTCCACTTACGA.1,9
CCATGTCGTGCACGAA.1,3
CCATGTCGTGCCTTGG.1,11
CCATGTCGTTACGACT.1,3
CCATGTCTCCGCAAGC.1,11
CCATGTCTCGTCTGAA.1,6
CCATTCGAGACACTAA.1,3
CCATTCGAGCTAACTC.1,3
CCATTCGAGTCCATAC.1,3
CCATTCGCACATCCAA.1,3
CCATTCGGTAGCCTAT.1,5
CCATTCGGTGGCAAAC.1,3
CCATTCGGTTCTGGTA.1,1
CCATTCGTCGGTTAAC.1,3
CCCAATCAGAATTCCC.1,3
CCCAATCCAAGGTGTG.1,7
CCCAATCCATACGCTA.1,8
CCCAATCCATGCGCAC.1,3
CCCAATCGTAGCTAAA.1,3
CCCAATCGTTACGTCA.1,2
CCCAATCGTTGCGCAC.1,11
CCCAATCTCGCCGTGA.1,9
CCCAGTTAGATATACG.1,3
CCCAGTTAGATGCGAC.1,3
CCCAGTTAGTTAGGTA.1,3
CCCAGTTCAAATCCGT.1,6
CCCAGTTCAAGTAATG.1,1
CCCAGTTGTAGCGTAG.1,3
CCCAGTTGTGAACCTT.1,2
CCCAGTTGTTGTACAC.1,3
CCCATACAGATGTGGC.1,3
CCCATACAGCGATCCC.1,3
CCCATACCACCATCCT.1,8
CCCATACCACTGCCAG.1,3
CCCATACGTCCTCTTG.1,3
CCCATACGTTGAACTC.1,3
CCCATACTCAATACCG.1,8
CCCATACTCCTTTCTC.1,6
CCCATACTCTTTCCTC.1,3
CCCTCCTAGACATAAC.1,10
CCCTCCTAGATGCCAG.1,3
CCCTCCTAGGGATGGG.1,3
CCCTCCTCAAGTCATC.1,3
CCCTCCTGTAGGGTAC.1,1
CCCTCCTGTCCGACGT.1,3
CCCTCCTTCAGTGCAT.1,2
CCCTCCTTCGAATGGG.1,3
CCCTCCTTCGCATGGC.1,5
CCCTCCTTCGGAGCAA.1,2
CCGGGATAGATGAGAG.1,1
CCGGGATAGCCAGGAT.1,2
CCGGGATAGGGATGGG.1,3
CCGGGATAGTAGTGCG.1,3
CCGGGATCAAGTAATG.1,3
CCGGGATCACCCATTC.1,1
CCGGGATCAGAGCCAA.1,1
CCGGGATCAGATAATG.1,1
CCGGGATCAGGTGCCT.1,3
CCGGGATCATCGATTG.1,11
CCGGGATCATGAGCGA.1,8
CCGGGATCATGCATGT.1,7
CCGGGATGTGCCTGTG.1,3
CCGGGATTCCCTCTTT.1,2
CCGGGATTCCTCAACC.1,8
CCGGGATTCCTTGACC.1,3
CCGGGATTCTCCAGGG.1,8
CCGGGATTCTTGTCAT.1,1
CCGGTAGAGCTGCAAG.1,3
CCGGTAGAGTTGCAGG.1,6
CCGGTAGCAATGGACG.1,7
CCGGTAGCATCAGTAC.1,2
CCGGTAGGTAGCCTAT.1,8
CCGGTAGGTCTCTCGT.1,3
CCGGTAGGTGCGCTTG.1,6
CCGTACTAGGATGCGT.1,8
CCGTACTAGGGATCTG.1,5
CCGTACTCACACATGT.1,2
CCGTACTCACGAGAGT.1,2
CCGTACTGTCATACTG.1,3
CCGTACTTCACAGTAC.1,5
CCGTACTTCATACGGT.1,3
CCGTACTTCGATAGAA.1,8
CCGTACTTCGGTCTAA.1,3
CCGTACTTCGTTGCCT.1,1
CCGTGGAAGGAGTTTA.1,1
CCGTGGAAGTAGGCCA.1,3
CCGTGGAAGTGATCGG.1,3
CCGTGGACAGTTCATG.1,2
CCGTGGAGTTCAGTAC.1,11
CCGTTCAAGAATCTCC.1,3
CCGTTCACAAGGCTCC.1,3
CCGTTCACACCCATGG.1,2
CCGTTCACATGAAGTA.1,2
CCGTTCAGTCACTGGC.1,1
CCGTTCAGTTCTGGTA.1,3
CCGTTCATCGCCCTTA.1,11
CCGTTCATCGTAGATC.1,5
CCGTTCATCTCGAGTA.1,1
CCGTTCATCTCGTTTA.1,3
CCTAAAGAGCTGTTCA.1,2
CCTAAAGCACATTTCT.1,3
CCTAAAGCATACTACG.1,2
CCTAAAGGTGATGTCT.1,7
CCTAAAGGTGTGAAAT.1,3
CCTAAAGTCAAAGACA.1,3
CCTAAAGTCGAATCCA.1,3
CCTAAAGTCGTGGACC.1,11
CCTAAAGTCTCTAAGG.1,7
CCTAAAGTCTGTCTCG.1,7
CCTACACAGAGTACCG.1,3
CCTACACAGCACACAG.1,3
CCTACACAGGTGACCA.1,11
CCTACACAGTGCAAGC.1,3
CCTACACCAAGCTGGA.1,2
CCTACACGTCTCAACA.1,5
CCTACACGTCTTCGTC.1,3
CCTACACGTGTTTGGT.1,2
CCTACACTCTGGGCCA.1,5
CCTACCAAGACGCAAC.1,6
CCTACCAAGCGCTTAT.1,6
CCTACCAAGTTTGCGT.1,2
CCTACCACAATAGCGG.1,2
CCTACCACACGGTTTA.1,8
CCTACCAGTGCGAAAC.1,3
CCTACCATCCAAACAC.1,3
CCTACCATCGAATGGG.1,3
CCTACCATCTGTTGAG.1,4
CCTAGCTAGTACGACG.1,2
CCTAGCTCAAACTGCT.1,3
CCTAGCTCAATGCCAT.1,7
CCTAGCTCACGTAAGG.1,7
CCTAGCTCAGACGCCT.1,6
CCTAGCTGTCGCGTGT.1,4
CCTAGCTGTGAGGCTA.1,2
CCTAGCTGTTACGCGC.1,3
CCTAGCTGTTGAGGTG.1,2
CCTAGCTTCCTAGTGA.1,1
CCTAGCTTCTTATCTG.1,2
CCTAGCTTCTTCAACT.1,3
CCTATTAAGTCTCGGC.1,1
CCTATTACACGAAGCA.1,6
CCTATTAGTAGTGAAT.1,8
CCTATTAGTCAAAGCG.1,2
CCTATTAGTCTAGCCG.1,3
CCTATTATCAAGCCTA.1,2
CCTATTATCTTACCGC.1,5
CCTCAGTAGAACTCGG.1,3
CCTCAGTCATGCTGGC.1,2
CCTCAGTGTAAGGGAA.1,3
CCTCAGTGTATGAATG.1,3
CCTCAGTTCACGGTTA.1,3
CCTCAGTTCAGCTTAG.1,5
CCTCTGAAGCAATCTC.1,2
CCTCTGAAGTGGTCCC.1,5
CCTCTGACAACTGGCC.1,3
CCTCTGACAATGAATG.1,3
CCTCTGACAGATCGGA.1,8
CCTCTGACATTACCTT.1,8
CCTCTGAGTCCGAAGA.1,2
CCTCTGAGTCTTTCAT.1,3
CCTCTGAGTGGGTATG.1,3
CCTCTGATCCGTAGTA.1,2
CCTCTGATCTTTACGT.1,8
CCTTACGAGATCCGAG.1,2
CCTTACGAGCCAGTTT.1,2
CCTTACGAGGAGTAGA.1,2
CCTTACGCATATACGC.1,1
CCTTACGTCAGGCCCA.1,5
CCTTACGTCTGCGACG.1,3
CCTTACGTCTGCGGCA.1,3
CCTTACGTCTTACCTA.1,3
CCTTCCCAGATTACCC.1,2
CCTTCCCAGGCTACGA.1,3
CCTTCCCGTACCGAGA.1,1
CCTTCCCGTTACCAGT.1,3
CCTTCCCGTTCCACAA.1,8
CCTTCCCTCCCTGACT.1,8
CCTTCCCTCTCCAACC.1,3
CCTTCCCTCTTCCTTC.1,4
CCTTCGAAGTGCAAGC.1,8
CCTTCGAAGTTAGCGG.1,8
CCTTCGACACTATCTT.1,1
CCTTCGATCAGGCGAA.1,6
CCTTTCTAGTACGCCC.1,1
CCTTTCTCAAAGAATC.1,2
CCTTTCTCACTCGACG.1,8
CCTTTCTCATCGGAAG.1,2
CCTTTCTTCATTGCCC.1,3
CCTTTCTTCCACGCAG.1,8
CCTTTCTTCGTCCGTT.1,2
CCTTTCTTCTACTCAT.1,3
CGAACATAGCAGCGTA.1,3
CGAACATAGCTGAAAT.1,3
CGAACATCACAGACAG.1,11
CGAACATCACTCAGGC.1,1
CGAACATGTATTCTCT.1,2
CGAACATGTTACAGAA.1,4
CGAACATTCACATGCA.1,5
CGAACATTCCGAAGAG.1,3
CGAATGTAGTACGATA.1,2
CGAATGTAGTACTTGC.1,3
CGAATGTCAACACGCC.1,3
CGAATGTCACCAGGTC.1,2
CGAATGTCATACAGCT.1,2
CGAATGTCATCACCCT.1,3
CGAATGTGTACCATCA.1,4
CGAATGTGTAGAAAGG.1,3
CGAATGTTCCACGACG.1,3
CGAATGTTCTGAAAGA.1,2
CGACCTTAGACCCACC.1,2
CGACCTTAGGAGCGTT.1,1
CGACCTTAGTACACCT.1,3
CGACCTTCAGTATCTG.1,3
CGACCTTCATTCTTAC.1,8
CGACCTTCATTGGGCC.1,2
CGACCTTGTAGTAGTA.1,2
CGACCTTGTCAGCTAT.1,6
CGACCTTGTTGATTGC.1,3
CGACCTTTCATCACCC.1,2
CGACCTTTCATGTGGT.1,3
CGACCTTTCGGAAACG.1,4
CGACCTTTCGGAAATA.1,3
CGACTTCAGAAGAAGC.1,3
CGACTTCCAAACGCGA.1,6
CGACTTCCAATCCGAT.1,3
CGACTTCCAATGCCAT.1,1
CGACTTCCACTTCTGC.1,1
CGACTTCTCAGTTCGA.1,3
CGACTTCTCGTCCAGG.1,3
CGAGAAGAGTTGAGTA.1,3
CGAGAAGCACCATGTA.1,3
CGAGAAGGTACTCGCG.1,3
CGAGAAGGTAGAGGAA.1,2
CGAGAAGGTGTTTGGT.1,3
CGAGAAGGTTCCACGG.1,3
CGAGAAGTCACCTCGT.1,2
CGAGAAGTCCGTCATC.1,3
CGAGCACGTTACTGAC.1,3
CGAGCACGTTGGTAAA.1,1
CGAGCACTCACAGTAC.1,3
CGAGCACTCCACGTTC.1,11
CGAGCACTCTTTACAC.1,1
CGAGCCAAGCTACCGC.1,3
CGAGCCAAGGTGGGTT.1,11
CGAGCCACAAGTCTAC.1,2
CGAGCCAGTACATCCA.1,3
CGAGCCATCACTCTTA.1,3
CGAGCCATCCACGTTC.1,7
CGAGCCATCCGAGCCA.1,3
CGAGCCATCTGCAAGT.1,5
CGATCGGAGGACACCA.1,3
CGATCGGAGGATATAC.1,3
CGATCGGAGGTGGGTT.1,4
CGATCGGCAAACAACA.1,8
CGATCGGCACGTAAGG.1,1
CGATCGGCAGTTCCCT.1,2
CGATCGGCATAGAAAC.1,4
CGATCGGGTAGTACCT.1,3
CGATCGGGTTCTGAAC.1,3
CGATCGGTCATCGCTC.1,3
CGATCGGTCATGTCCC.1,3
CGATCGGTCGCGTTTC.1,8
CGATGGCAGCTAAACA.1,5
CGATGGCCAAGACACG.1,3
CGATGGCCAATAACGA.1,2
CGATGGCGTTCCTCCA.1,2
CGATGGCGTTGAACTC.1,3
CGATGTAAGCGTTCCG.1,7
CGATGTAAGTTCGCGC.1,3
CGATGTACACTTCTGC.1,2
CGATGTACAGCCTATA.1,8
CGATGTAGTAGAGCTG.1,9
CGATGTAGTGGGTCAA.1,2
CGATGTAGTGTCGCTG.1,3
CGATGTATCGGACAAG.1,3
CGATGTATCGGATGGA.1,3
CGATGTATCGGCGCTA.1,3
CGATGTATCGTACCGG.1,2
CGATTGAAGGCTAGCA.1,11
CGATTGAAGTACTTGC.1,1
CGATTGACAAGAGGCT.1,2
CGATTGACAGCATGAG.1,3
CGATTGACATACGCCG.1,4
CGATTGACATGCATGT.1,11
CGATTGAGTACTTCTT.1,3
CGATTGAGTAGATTAG.1,3
CGATTGATCAAACAAG.1,5
CGATTGATCAGGTTCA.1,3
CGCCAAGCATCTCCCA.1,2
CGCCAAGGTCGGGTCT.1,3
CGCCAAGGTCTACCTC.1,2
CGCCAAGTCATGCATG.1,3
CGCCAAGTCCCTGACT.1,2
CGCCAAGTCGCTTGTC.1,3
CGCGGTAAGCCAGTTT.1,1
CGCGGTAAGGGAACGG.1,3
CGCGGTACAAACGTGG.1,6
CGCGGTACAAGGTGTG.1,5
CGCGGTACAGGTCCAC.1,7
CGCGGTACATGCATGT.1,3
CGCGGTAGTAAGAGGA.1,8
CGCGGTAGTAGGGTAC.1,2
CGCGGTAGTCTCTCTG.1,3
CGCGGTAGTGATAAGT.1,3
CGCGGTAGTTGGTAAA.1,3
CGCGGTAGTTGGTGGA.1,3
CGCGGTATCAACTCTT.1,3
CGCGGTATCGCACTCT.1,1
CGCGGTATCGGATGGA.1,1
CGCGGTATCGGTGTTA.1,3
CGCGGTATCGTACGGC.1,3
CGCGGTATCTTGAGGT.1,3
CGCGTTTAGCAGCGTA.1,8
CGCGTTTAGCCCAACC.1,3
CGCGTTTAGCTAGTCT.1,6
CGCGTTTCAAAGAATC.1,8
CGCGTTTGTACTCTCC.1,6
CGCGTTTGTAGATTAG.1,2
CGCGTTTTCCTCATTA.1,3
CGCGTTTTCTGCTTGC.1,3
CGCTATCAGACTTGAA.1,2
CGCTATCCACGTGAGA.1,3
CGCTATCCAGGTGCCT.1,3
CGCTATCGTTCGTCTC.1,2
CGCTATCTCTTAACCT.1,3
CGCTGGAGTTGATTGC.1,3
CGCTTCAAGACTAAGT.1,5
CGCTTCAAGCTCTCGG.1,3
CGCTTCAAGTGACTCT.1,1
CGCTTCAGTTATGCGT.1,2
CGCTTCAGTTTGTTGG.1,3
CGCTTCATCAACGGCC.1,7
CGCTTCATCATGCATG.1,3
CGGACACAGACGCAAC.1,3
CGGACACAGCGCCTCA.1,3
CGGACACAGGTGCTAG.1,3
CGGACACAGTGCGATG.1,2
CGGACACGTAATCGTC.1,4
CGGACACGTCTAACGT.1,3
CGGACACTCGGTCCGA.1,8
CGGACACTCTGCTTGC.1,2
CGGACGTAGACTCGGA.1,3
CGGACGTAGAGCTATA.1,3
CGGACGTAGGAGCGAG.1,3
CGGACGTAGGGTATCG.1,2
CGGACGTCACATCCAA.1,2
CGGACGTCAGGCGATA.1,2
CGGACGTCAGGGAGAG.1,3
CGGACGTGTCTTTCAT.1,3
CGGACGTTCAAACAAG.1,3
CGGACTGAGATGTGTA.1,3
CGGACTGAGCTGCAAG.1,2
CGGACTGAGTTAGGTA.1,1
CGGACTGCACCATCCT.1,3
CGGACTGGTGGAAAGA.1,3
CGGACTGGTGTTCGAT.1,3
CGGACTGTCAAACCGT.1,3
CGGACTGTCAGTTCGA.1,2
CGGACTGTCGGATGGA.1,3
CGGACTGTCGGCGGTT.1,6
CGGACTGTCTTTACAC.1,3
CGGAGCTAGATGCCAG.1,2
CGGAGCTAGCTGCCCA.1,3
CGGAGCTCAAGGTTCT.1,5
CGGAGCTGTCAAAGAT.1,11
CGGAGCTGTCCAAGTT.1,3
CGGAGCTGTCTAGCCG.1,3
CGGAGCTTCGCAGGCT.1,3
CGGAGCTTCTACCTGC.1,8
CGGAGCTTCTTAACCT.1,7
CGGAGTCAGACAGAGA.1,8
CGGAGTCCATCTCCCA.1,7
CGGAGTCGTCGAATCT.1,2
CGGAGTCGTTGATTCG.1,1
CGGAGTCTCTTTAGTC.1,8
CGGCTAGAGAGCCTAG.1,1
CGGCTAGAGCTTCGCG.1,3
CGGCTAGCACATCCGG.1,3
CGGCTAGCAGATAATG.1,11
CGGCTAGCAGCTGTTA.1,3
CGGCTAGGTATGAATG.1,2
CGGCTAGGTCTCACCT.1,6
CGGCTAGGTTCGCTAA.1,2
CGGCTAGGTTTCCACC.1,3
CGGCTAGTCTACCTGC.1,8
CGGGTCAAGAACAATC.1,6
CGGGTCAAGCCACGCT.1,3
CGGGTCAAGCGAGAAA.1,3
CGGGTCAAGGACAGAA.1,3
CGGGTCAGTCAACTGT.1,1
CGGGTCAGTGTGACGA.1,2
CGGGTCAGTTACGACT.1,11
CGGGTCATCGCCTGTT.1,3
CGGTTAAAGAGTTGGC.1,3
CGGTTAAAGTTTCCTT.1,3
CGGTTAACAACGATCT.1,2
CGGTTAACAAGTCTAC.1,6
CGGTTAAGTAAGCACG.1,7
CGGTTAAGTGATGCCC.1,3
CGGTTAATCCGTAGGC.1,11
CGGTTAATCCTGTACC.1,6
CGTAGCGAGAATGTTG.1,2
CGTAGCGAGCGTCTAT.1,3
CGTAGCGAGGGAGTAA.1,8
CGTAGCGCAAAGTCAA.1,3
CGTAGCGCACTGCCAG.1,5
CGTAGCGCATGTTCCC.1,5
CGTAGCGTCTGGCGTG.1,7
CGTAGCGTCTTGCATT.1,3
CGTAGGCAGCTGATAA.1,3
CGTAGGCCAAAGGAAG.1,3
CGTAGGCCAGACTCGC.1,11
CGTAGGCCATCTATGG.1,2
CGTAGGCCATGCCCGA.1,1
CGTAGGCGTATAGGGC.1,3
CGTAGGCTCCAAGTAC.1,7
CGTCACTAGACTCGGA.1,3
CGTCACTAGTGTCTCA.1,3
CGTCACTCAATGGAAT.1,11
CGTCACTCACTTACGA.1,2
CGTCACTTCTGAAAGA.1,3
CGTCAGGAGAGACTAT.1,3
CGTCAGGCACCGGAAA.1,4
CGTCAGGCAGATGGCA.1,2
CGTCAGGGTAAAGTCA.1,3
CGTCAGGTCAGCATGT.1,1
CGTCAGGTCTGTCCGT.1,2
CGTCAGGTCTTCAACT.1,1
CGTCCATAGACCACGA.1,5
CGTCCATAGCATCATC.1,8
CGTCCATAGTGGGCTA.1,4
CGTCCATAGTGTACGG.1,1
CGTCCATCACAGCGTC.1,7
CGTCCATCATTAACCG.1,11
CGTCCATGTGACTCAT.1,3
CGTCCATTCGCCAGCA.1,2
CGTCCATTCGTGGTCG.1,3
CGTCCATTCGTTTGCC.1,8
CGTCCATTCTTCGAGA.1,5
CGTCTACAGAGTGACC.1,8
CGTCTACAGTCTTGCA.1,2
CGTCTACCAAGGTTCT.1,2
CGTCTACCACAAGCCC.1,3
CGTCTACCAGCCTGTG.1,3
CGTCTACCATATGGTC.1,3
CGTCTACGTCATATCG.1,2
CGTCTACGTCTAACGT.1,2
CGTCTACGTGACTCAT.1,2
CGTCTACGTGGACGAT.1,3
CGTGAGCAGCTGTCTA.1,2
CGTGAGCAGTAGATGT.1,9
CGTGAGCCATGGTAGG.1,3
CGTGAGCGTAGGGACT.1,3
CGTGAGCGTCTCTCGT.1,2
CGTGAGCGTTGTCGCG.1,3
CGTGAGCTCAGCTGGC.1,2
CGTGAGCTCAGTGTTG.1,3
CGTGAGCTCGTTACGA.1,3
CGTGAGCTCGTTTGCC.1,2
CGTGTAAAGAATGTGT.1,2
CGTGTAAAGCATGGCA.1,8
CGTGTAAAGCTAGTCT.1,1
CGTGTAAAGTTGTAGA.1,2
CGTGTAACACGTGAGA.1,3
CGTGTAACAGTTCCCT.1,2
CGTGTAAGTAGGCTGA.1,1
CGTGTAAGTCACTGGC.1,3
CGTGTAATCTCGCTTG.1,11
CGTGTCTAGCAGACTG.1,1
CGTGTCTAGGGTCGAT.1,3
CGTGTCTAGTAGCGGT.1,2
CGTGTCTAGTTAAGTG.1,11
CGTGTCTGTAAACCTC.1,3
CGTGTCTTCATCACCC.1,3
CGTGTCTTCATGCAAC.1,3
CGTGTCTTCCAGATCA.1,3
CGTGTCTTCTAACTCT.1,2
CGTTAGAAGCAAATCA.1,3
CGTTAGAAGTCAAGGC.1,3
CGTTAGACAACGATCT.1,3
CGTTAGACAGATAATG.1,3
CGTTAGAGTAATAGCA.1,11
CGTTAGAGTCACTTCC.1,3
CGTTAGAGTCTAGAGG.1,1
CGTTAGAGTCTCTTAT.1,3
CGTTAGAGTTAAAGAC.1,3
CGTTAGAGTTCAGGCC.1,1
CGTTAGATCGTACGGC.1,3
CGTTCTGAGAAACGCC.1,3
CGTTCTGAGCTCAACT.1,3
CGTTCTGAGGCTCAGA.1,3
CGTTCTGCAAGCGTAG.1,3
CGTTCTGCACAGGCCT.1,11
CGTTCTGCACATTCGA.1,4
CGTTCTGGTGCACGAA.1,2
CGTTCTGGTTATCCGA.1,7
CGTTCTGGTTCCAACA.1,8
CGTTCTGTCCGAGCCA.1,3
CGTTGGGAGAAGGCCT.1,2
CGTTGGGAGAGCTATA.1,3
CGTTGGGAGATCACGG.1,3
CGTTGGGAGCTGTTCA.1,2
CGTTGGGAGGAATGGA.1,3
CGTTGGGAGGTGCTAG.1,5
CGTTGGGAGTTACGGG.1,1
CGTTGGGCAGATAATG.1,3
CGTTGGGCAGGTTTCA.1,3
CGTTGGGCAGTCTTCC.1,2
CGTTGGGCATAAGACA.1,3
CGTTGGGCATCCGGGT.1,2
CGTTGGGTCTGATACG.1,1
CTAACTTAGCCGGTAA.1,3
CTAACTTCACCTATCC.1,8
CTAACTTCAGGCTGAA.1,3
CTAACTTCATCTGGTA.1,2
CTAACTTGTAAGGGCT.1,2
CTAACTTGTACCCAAT.1,2
CTAACTTGTATATGAG.1,2
CTAACTTTCAACACGT.1,2
CTAACTTTCAGCTTAG.1,3
CTAACTTTCTAACCGA.1,3
CTAAGACAGACAGACC.1,2
CTAAGACAGATGAGAG.1,3
CTAAGACAGCGTAGTG.1,6
CTAAGACAGCGTGAGT.1,2
CTAAGACAGGAACTGC.1,5
CTAAGACAGTATGACA.1,3
CTAAGACCACAGCCCA.1,3
CTAAGACCAGGTGGAT.1,3
CTAAGACGTAAAGTCA.1,1
CTAAGACGTAGCGCTC.1,8
CTAAGACGTGTGAATA.1,3
CTAAGACTCCACTCCA.1,9
CTAAGACTCCCTAATT.1,8
CTAAGACTCGGACAAG.1,2
CTAAGACTCTGTTGAG.1,3
CTAATGGAGTGACTCT.1,3
CTAATGGCAAGCCGCT.1,3
CTAATGGGTGTGTGCC.1,2
CTACACCAGCGTAATA.1,2
CTACACCAGTCTCAAC.1,3
CTACACCAGTGAACGC.1,3
CTACACCAGTGGTCCC.1,5
CTACACCGTACGCTGC.1,3
CTACACCGTCCTCTTG.1,3
CTACACCGTTACGCGC.1,3
CTACACCGTTTGACAC.1,1
CTACACCTCAGCGATT.1,3
CTACACCTCATAGCAC.1,3
CTACACCTCTTACCGC.1,2
CTACACCTCTTGCAAG.1,3
CTACATTAGACTTGAA.1,3
CTACATTAGAGACGAA.1,2
CTACATTAGAGCTTCT.1,3
CTACATTAGCCACGCT.1,3
CTACATTAGCTTATCG.1,3
CTACATTCAGATCGGA.1,2
CTACATTCATCGACGC.1,6
CTACATTGTCACTGGC.1,1
CTACATTGTCGTTGTA.1,2
CTACATTTCGGCATCG.1,1
CTACCCACACCCTATC.1,11
CTACCCAGTAAGTTCC.1,3
CTACCCAGTCCTCCAT.1,3
CTACCCAGTCGTCTTC.1,2
CTACCCAGTGGTAACG.1,3
CTACCCATCAACACGT.1,1
CTACCCATCTACTTAC.1,3
CTACGTCAGAGGTTGC.1,3
CTACGTCAGTGACTCT.1,1
CTACGTCCAGCCTTTC.1,3
CTACGTCCATTGGCGC.1,3
CTACGTCGTAAGGGAA.1,1
CTACGTCGTCAGATAA.1,3
CTACGTCGTGTGACCC.1,3
CTACGTCGTTGTACAC.1,11
CTACGTCGTTTGCATG.1,3
CTACGTCTCTGGAGCC.1,3
CTAGAGTAGACCCACC.1,3
CTAGAGTAGGGTTTCT.1,3
CTAGAGTAGTGGGCTA.1,4
CTAGAGTCACGTCAGC.1,5
CTAGAGTCATCCTTGC.1,2
CTAGAGTCATGCCACG.1,2
CTAGAGTGTACAAGTA.1,1
CTAGAGTGTCATTAGC.1,3
CTAGAGTTCCGCAGTG.1,8
CTAGAGTTCGAGAACG.1,3
CTAGCCTAGGGAGTAA.1,2
CTAGCCTGTCAACATC.1,2
CTAGCCTGTCGGCATC.1,2
CTAGCCTTCTCCAACC.1,11
CTAGCCTTCTGTACGA.1,3
CTAGTGAAGCCGGTAA.1,8
CTAGTGAGTCAATGTC.1,7
CTAGTGAGTCTCTTTA.1,2
CTAGTGAGTTGTCTTT.1,3
CTAGTGATCGCCTGAG.1,8
CTCACACAGCCCGAAA.1,3
CTCACACAGCGTTTAC.1,2
CTCACACCAGTTCATG.1,3
CTCACACCATGCCCGA.1,2
CTCACACGTATAGGGC.1,2
CTCACACGTTTAAGCC.1,2
CTCACACTCAGTTGAC.1,6
CTCACACTCGCCTGTT.1,8
CTCACACTCTACGAGT.1,3
CTCACACTCTGCCAGG.1,2
CTCAGAAAGAGTAATC.1,10
CTCAGAAAGGTGTGGT.1,5
CTCAGAAAGTAGCGGT.1,9
CTCAGAACAATCTGCA.1,3
CTCAGAAGTATCGCAT.1,3
CTCAGAAGTCAAAGAT.1,1
CTCATTAAGCCAACAG.1,2
CTCATTAAGCTGCGAA.1,3
CTCATTAAGGATCGCA.1,3
CTCATTAAGGTCATCT.1,3
CTCATTACACGGCCAT.1,3
CTCATTACAGGGCATA.1,3
CTCATTACAGGTCCAC.1,3
CTCATTACATAGGATA.1,3
CTCATTACATGAACCT.1,2
CTCATTAGTCTCCATC.1,3
CTCATTATCAGTCCCT.1,3
CTCATTATCATTTGGG.1,3
CTCATTATCTTAACCT.1,3
CTCCTAGAGAACAATC.1,3
CTCCTAGAGCAGACTG.1,1
CTCCTAGAGTACGTTC.1,3
CTCCTAGAGTTCGCGC.1,3
CTCCTAGCATTGGTAC.1,3
CTCCTAGGTGGCTCCA.1,2
CTCCTAGTCAAAGACA.1,3
CTCCTAGTCCGCATCT.1,3
CTCCTAGTCGTACCGG.1,8
CTCCTAGTCTGCTGTC.1,2
CTCGAAAAGCGCCTTG.1,2
CTCGAAACAGTGAGTG.1,3
CTCGAAACATGACATC.1,6
CTCGAAAGTCAATGTC.1,8
CTCGAAATCAGTGCAT.1,3
CTCGAGGAGGCTATCT.1,2
CTCGAGGAGTTATCGC.1,7
CTCGAGGCAAAGTGCG.1,2
CTCGAGGCAATAACGA.1,8
CTCGAGGCATGCCTTC.1,4
CTCGAGGGTAAATGAC.1,3
CTCGAGGGTCGCCATG.1,4
CTCGAGGTCCCATTAT.1,6
CTCGAGGTCGGAGGTA.1,2
CTCGAGGTCTGGGCCA.1,2
CTCGAGGTCTTTACAC.1,2
CTCGGAGAGCGAAGGG.1,2
CTCGGAGCAGACGCCT.1,9
CTCGGAGGTCGACTGC.1,8
CTCGGAGGTGCAGTAG.1,3
CTCGGAGTCCTATGTT.1,3
CTCGGGAAGAAGAAGC.1,2
CTCGGGAAGGTGCAAC.1,2
CTCGGGACAAGCGCTC.1,2
CTCGGGACACATCCAA.1,4
CTCGGGACACCTGGTG.1,2
CTCGGGAGTTCAGCGC.1,3
CTCGGGAGTTTAGGAA.1,2
CTCGGGAGTTTGGGCC.1,11
CTCGGGATCCCAAGTA.1,9
CTCGGGATCGAATCCA.1,6
CTCGGGATCTTTACGT.1,1
CTCGTACAGACTGGGT.1,2
CTCGTACCAAAGAATC.1,8
CTCGTACCACATGTGT.1,6
CTCGTACCACCTCGGA.1,3
CTCGTACCATGAGCGA.1,2
CTCGTACCATTAACCG.1,4
CTCGTACGTAGAGGAA.1,3
CTCGTACGTCCGACGT.1,11
CTCGTACGTTTGTGTG.1,9
CTCGTACTCAGCTTAG.1,2
CTCGTACTCATTTGGG.1,2
CTCGTCAAGTAATCCC.1,3
CTCGTCACAAGGCTCC.1,11
CTCGTCACAATCGAAA.1,6
CTCGTCACACCTGGTG.1,2
CTCGTCAGTAACGACG.1,9
CTCGTCAGTAGGGACT.1,3
CTCGTCAGTGATGATA.1,8
CTCGTCAGTGCCTGCA.1,1
CTCGTCAGTTCGAATC.1,4
CTCTAATAGAGGTAGA.1,1
CTCTAATAGCTGGAAC.1,2
CTCTAATAGGTTCCTA.1,9
CTCTAATCACCTGGTG.1,2
CTCTAATGTCGAATCT.1,3
CTCTAATGTTAGTGGG.1,2
CTCTAATGTTGGACCC.1,2
CTCTAATGTTTGGGCC.1,2
CTCTAATTCCAAACTG.1,2
CTCTAATTCGGCCGAT.1,6
CTCTACGAGCCAGAAC.1,2
CTCTACGAGCGACGTA.1,11
CTCTACGCACACCGAC.1,1
CTCTACGGTAAAGTCA.1,3
CTCTACGGTATAGTAG.1,1
CTCTACGGTTAAGATG.1,3
CTCTGGTAGACTTTCG.1,4
CTCTGGTAGGAGTAGA.1,1
CTCTGGTAGTTAGGTA.1,8
CTCTGGTCAAATCCGT.1,3
CTCTGGTCACGAGAGT.1,3
CTCTGGTCATAACCTG.1,7
CTCTGGTGTAAATGAC.1,3
CTCTGGTGTCGTCTTC.1,3
CTCTGGTGTGAACCTT.1,3
CTCTGGTGTTAAGGGC.1,3
CTCTGGTTCCTCTAGC.1,11
CTCTGGTTCTATGTGG.1,1
CTGAAACGTCATACTG.1,11
CTGAAACTCGTTTAGG.1,5
CTGAAACTCTAACTCT.1,8
CTGAAGTAGACTACAA.1,2
CTGAAGTAGCGATAGC.1,1
CTGAAGTCACGGTAGA.1,2
CTGAAGTGTCACCCAG.1,6
CTGAAGTGTTAAGAAC.1,3
CTGAAGTGTTGACGTT.1,2
CTGAAGTGTTTGTTGG.1,2
CTGAAGTTCCACGTGG.1,4
CTGAAGTTCGTATCAG.1,3
CTGATAGAGACGCAAC.1,2
CTGATAGAGGAATGGA.1,3
CTGATAGAGGGTGTGT.1,2
CTGATAGCAACTGGCC.1,3
CTGATAGCACGACGAA.1,9
CTGATAGGTACCGAGA.1,1
CTGATAGGTGCTGTAT.1,3
CTGATAGGTTGACGTT.1,3
CTGATAGTCGAATGGG.1,2
CTGATAGTCTTTACGT.1,3
CTGATCCAGGCAGGTT.1,5
CTGATCCCATCCTAGA.1,3
CTGATCCGTCTAACGT.1,3
CTGATCCGTCTCATCC.1,3
CTGATCCGTGCAACTT.1,3
CTGATCCGTTCGCGAC.1,2
CTGATCCTCTCTGAGA.1,3
CTGCCTAAGATATGGT.1,7
CTGCCTAAGTCCAGGA.1,1
CTGCCTAAGTGCGATG.1,8
CTGCCTACAAAGCAAT.1,3
CTGCCTACATACGCCG.1,3
CTGCCTACATTAACCG.1,8
CTGCCTAGTCGACTGC.1,8
CTGCCTAGTGAGTGAC.1,3
CTGCCTAGTTAGAACA.1,3
CTGCGGAAGGGAAACA.1,3
CTGCGGAAGTACGCGA.1,3
CTGCGGAAGTGCGATG.1,2
CTGCGGAAGTTCGCGC.1,1
CTGCGGACAGTATGCT.1,1
CTGCGGATCTCCGGTT.1,11
CTGCGGATCTGCAAGT.1,6
CTGCTGTAGAATCTCC.1,8
CTGCTGTAGACACGAC.1,3
CTGCTGTAGACTAAGT.1,2
CTGCTGTAGAGCTGGT.1,2
CTGCTGTAGATATACG.1,3
CTGCTGTGTAAATGTG.1,8
CTGCTGTGTACCGTAT.1,1
CTGCTGTGTCGCGAAA.1,2
CTGCTGTGTTACGTCA.1,1
CTGGTCTAGTAGGCCA.1,3
CTGGTCTCAGCTTCGG.1,3
CTGGTCTCAGGCAGTA.1,3
CTGGTCTGTACTCGCG.1,3
CTGGTCTTCAACACAC.1,2
CTGGTCTTCCAAACAC.1,3
CTGGTCTTCGCAAACT.1,2
CTGTGCTAGACAATAC.1,3
CTGTGCTAGAGGTAGA.1,3
CTGTGCTAGTCCATAC.1,3
CTGTGCTAGTTACGGG.1,2
CTGTGCTCAAAGCAAT.1,7
CTGTGCTCATGCAACT.1,3
CTGTGCTGTAAACCTC.1,3
CTGTGCTGTCTCTTAT.1,1
CTGTGCTTCCGCGGTA.1,3
CTGTTTAAGATATACG.1,2
CTGTTTACAGATGAGC.1,3
CTGTTTAGTAAATACG.1,2
CTGTTTAGTCCGTCAG.1,4
CTGTTTAGTCTCCACT.1,1
CTGTTTATCAGTCAGT.1,3
CTTAACTAGCTACCTA.1,3
CTTAACTGTGTTGGGA.1,6
CTTAACTTCTCGAGTA.1,3
CTTACCGAGAAACCTA.1,8
CTTACCGCAATGGACG.1,5
CTTACCGCAGTACACT.1,11
CTTACCGCATACTACG.1,3
CTTACCGGTATGAAAC.1,3
CTTACCGGTTTGCATG.1,3
CTTAGGAAGCCAACAG.1,3
CTTAGGAAGCTAGGCA.1,2
CTTAGGACAAGCCGTC.1,3
CTTAGGAGTCTCCATC.1,4
CTTAGGAGTTCGCGAC.1,2
CTTAGGATCACCGTAA.1,2
CTTCTCTCAAAGGCGT.1,3
CTTCTCTCAATGGATA.1,3
CTTCTCTCACAGAGGT.1,3
CTTCTCTCATGCCCGA.1,3
CTTCTCTGTACCGTTA.1,3
CTTCTCTGTTACTGAC.1,2
CTTCTCTTCCTATGTT.1,2
CTTCTCTTCGGACAAG.1,3
CTTGGCTGTCACAAGG.1,3
CTTGGCTGTCCAGTTA.1,8
CTTGGCTGTCTGCGGT.1,3
CTTGGCTGTGTGACGA.1,2
CTTGGCTTCCACGAAT.1,1
CTTGGCTTCCTAAGTG.1,3
CTTGGCTTCGGAGGTA.1,6
CTTGGCTTCGTTGACA.1,1
CTTGGCTTCTAACTTC.1,8
CTTGGCTTCTGGTTCC.1,1
CTTGGCTTCTTAGAGC.1,11
CTTTGCGAGTTAGCGG.1,2
CTTTGCGCAAGTCTAC.1,7
CTTTGCGCACAGGAGT.1,3
CTTTGCGCACTATCTT.1,1
CTTTGCGCATGCTAGT.1,1
CTTTGCGGTGGACGAT.1,8
CTTTGCGTCGAGAACG.1,11
GAAACTCAGCCATCGC.1,3
GAAACTCAGGTGCTAG.1,4
GAAACTCAGTACTTGC.1,4
GAAACTCCAATAACGA.1,3
GAAACTCCACAACTGT.1,6
GAAACTCCAGTGGGAT.1,1
GAAACTCGTGTAAGTA.1,8
GAAACTCGTTGTACAC.1,1
GAAACTCTCACATAGC.1,3
GAAACTCTCACTCCTG.1,3
GAAACTCTCAGGCAAG.1,2
GAAATGAAGACAGACC.1,3
GAAATGAAGTCGTTTG.1,3
GAAATGACAAGACACG.1,7
GAAATGACAGATAATG.1,3
GAAATGAGTAGCGTAG.1,1
GAAATGATCACTCCTG.1,3
GAAATGATCGTCCAGG.1,2
GAACATCAGCCTCGTG.1,3
GAACATCAGTACGCGA.1,3
GAACATCAGTTAGCGG.1,8
GAACATCCACAAGCCC.1,3
GAACATCGTATAAACG.1,3
GAACATCGTATTAGCC.1,2
GAACATCTCCAAAGTC.1,2
GAACATCTCTGGTGTA.1,3
GAACATCTCTGGTTCC.1,1
GAACCTAAGCCTATGT.1,2
GAACCTACAGCGAACA.1,1
GAACCTACATGCTGGC.1,3
GAACCTACATGGGAAC.1,1
GAACCTAGTATCAGTC.1,11
GAACCTAGTCTCTTTA.1,3
GAACCTATCATCACCC.1,6
GAACCTATCATTTGGG.1,3
GAACCTATCCATGCTC.1,3
GAACCTATCGGTTAAC.1,8
GAACGGAAGATATGGT.1,11
GAACGGACAATCGAAA.1,7
GAACGGAGTAATCACC.1,3
GAACGGAGTCAACATC.1,5
GAACGGAGTCGTCTTC.1,4
GAACGGAGTGTCAATC.1,3
GAACGGATCAAGATCC.1,8
GAACGGATCCCGGATG.1,1
GAACGGATCCTAGAAC.1,2
GAAGCAGAGAAAGTGG.1,3
GAAGCAGAGACAAAGG.1,3
GAAGCAGAGGCACATG.1,3
GAAGCAGCAAGTTAAG.1,2
GAAGCAGCACCATGTA.1,3
GAAGCAGGTAAATACG.1,2
GAAGCAGGTAGAAAGG.1,1
GAAGCAGTCACGAAGG.1,3
GAAGCAGTCCCTAATT.1,3
GAATAAGAGAAACCAT.1,2
GAATAAGAGGCATTGG.1,8
GAATAAGCATTCTTAC.1,3
GAATAAGTCCTTGGTC.1,6
GAATAAGTCGCCAGCA.1,1
GAATAAGTCGGACAAG.1,3
GAATGAAAGCCAGTAG.1,5
GAATGAAAGGGTTTCT.1,3
GAATGAACAAACGTGG.1,11
GAATGAACAACTGCGC.1,3
GAATGAAGTCTCGTTC.1,2
GAATGAAGTGCACGAA.1,1
GAATGAATCTTTAGTC.1,2
GACACGCAGATAGTCA.1,7
GACACGCCACACCGAC.1,1
GACACGCCACTTCGAA.1,2
GACACGCCAGCTCGCA.1,3
GACACGCGTGAGTGAC.1,7
GACACGCGTGCAGTAG.1,2
GACAGAGAGACTTTCG.1,3
GACAGAGAGATCACGG.1,3
GACAGAGAGCTTTGGT.1,3
GACAGAGAGGGTGTGT.1,4
GACAGAGAGGTGCTTT.1,5
GACAGAGAGTACGTAA.1,2
GACAGAGCAATAGAGT.1,2
GACAGAGCAGATGGCA.1,3
GACAGAGGTCCTGCTT.1,1
GACAGAGGTCTAGAGG.1,3
GACAGAGGTGATAAAC.1,2
GACAGAGGTGGAAAGA.1,3
GACAGAGGTGTATGGG.1,3
GACAGAGTCTAGAGTC.1,3
GACAGAGTCTTGACGA.1,3
GACCAATAGTGACTCT.1,1
GACCAATCAAGACACG.1,5
GACCAATCAGACAAAT.1,3
GACCAATGTATAAACG.1,8
GACCAATGTCAATGTC.1,3
GACCAATGTGGCTCCA.1,8
GACCAATTCAGTTGAC.1,3
GACCAATTCCCTTGTG.1,3
GACCAATTCCGGCACA.1,3
GACCAATTCCTAGAAC.1,2
GACCAATTCTTCAACT.1,1
GACCAATTCTTTACGT.1,8
GACCTGGAGCCCAACC.1,1
GACCTGGAGTGTGGCA.1,3
GACCTGGCAATTCCTT.1,3
GACCTGGCACCGATAT.1,3
GACCTGGCAGCCTATA.1,3
GACCTGGCATGAACCT.1,2
GACCTGGCATGACATC.1,2
GACCTGGGTCCAGTTA.1,3
GACCTGGGTCGACTAT.1,3
GACCTGGGTCGCGGTT.1,3
GACCTGGGTTCCACGG.1,3
GACCTGGTCGCGTAGC.1,2
GACCTGGTCTACCTGC.1,1
GACGCGTAGCAGGCTA.1,6
GACGCGTAGGGAAACA.1,3
GACGCGTAGTCCGGTC.1,2
GACGCGTAGTGACATA.1,1
GACGCGTCAACACCCG.1,2
GACGCGTGTACTTAGC.1,2
GACGCGTGTAGTGAAT.1,6
GACGCGTGTATGGTTC.1,3
GACGCGTGTTCCATGA.1,3
GACGCGTTCCAAGCCG.1,2
GACGGCTCAATGGATA.1,3
GACGGCTCACTCTGTC.1,1
GACGGCTCAGCTGCAC.1,2
GACGGCTCAGTCCTTC.1,7
GACGGCTCAGTTTACG.1,3
GACGGCTCATACGCCG.1,5
GACGGCTGTTAGATGA.1,2
GACGGCTGTTCGTGAT.1,3
GACGGCTGTTGGTAAA.1,3
GACGGCTGTTGTCTTT.1,2
GACGGCTTCGAATGGG.1,6
GACGGCTTCTCAAGTG.1,11
GACGTGCAGAGGTACC.1,2
GACGTGCGTAAATACG.1,3
GACGTGCGTAGCAAAT.1,4
GACGTGCTCCGCATCT.1,2
GACGTGCTCGCATGAT.1,2
GACGTTAAGGGAAACA.1,1
GACGTTACAAGAAGAG.1,4
GACGTTACAGTAGAGC.1,11
GACGTTACATGTCGAT.1,8
GACGTTAGTACAGTTC.1,11
GACGTTAGTCCTCCAT.1,2
GACGTTAGTCGCGGTT.1,8
GACGTTAGTGGTGTAG.1,8
GACTAACAGCCCGAAA.1,2
GACTAACAGCTCCTCT.1,3
GACTAACAGCTGTCTA.1,3
GACTAACAGTGAATTG.1,8
GACTAACCAATGACCT.1,3
GACTAACCAATTCCTT.1,3
GACTAACCACACCGAC.1,1
GACTAACGTAAAGGAG.1,6
GACTAACGTACCGGCT.1,3
GACTAACGTTTGACAC.1,11
GACTAACTCGAACGGA.1,3
GACTAACTCTTACCGC.1,3
GACTACAAGCCCTAAT.1,2
GACTACACAACGATGG.1,4
GACTACAGTACTCGCG.1,7
GACTACAGTCCTGCTT.1,6
GACTACAGTCGCGTGT.1,1
GACTACAGTGTTAAGA.1,2
GACTACAGTTGTACAC.1,4
GACTACATCAGTGCAT.1,3
GACTACATCGTGGACC.1,8
GACTGCGAGCAGACTG.1,7
GACTGCGAGCTGCGAA.1,1
GACTGCGAGGCATGTG.1,2
GACTGCGAGGCGCTCT.1,8
GACTGCGGTAATCACC.1,8
GACTGCGGTCTAAACC.1,5
GACTGCGGTCTAGTGT.1,1
GACTGCGTCAACCATG.1,9
GACTGCGTCCCTCAGT.1,7
GAGCAGAAGACAAAGG.1,8
GAGCAGAAGACCACGA.1,3
GAGCAGAAGGTTCCTA.1,3
GAGCAGAAGTATCTCG.1,2
GAGCAGACACGACTCG.1,1
GAGCAGACAGGATTGG.1,1
GAGCAGAGTCTACCTC.1,3
GAGCAGAGTCTCATCC.1,1
GAGCAGAGTTGTGGAG.1,11
GAGCAGATCCGGGTGT.1,3
GAGCAGATCGCCATAA.1,6
GAGCAGATCGGAGCAA.1,5
GAGCAGATCGGGAGTA.1,8
GAGGTGAAGAAACCGC.1,3
GAGGTGAAGTCTTGCA.1,1
GAGGTGACAAGAAGAG.1,5
GAGGTGATCCTAGTGA.1,3
GAGTCCGAGAGAACAG.1,7
GAGTCCGAGGAATTAC.1,6
GAGTCCGCAGCTCGAC.1,2
GAGTCCGCAGTCGTGC.1,2
GAGTCCGCATAAAGGT.1,3
GAGTCCGCATTTGCTT.1,3
GAGTCCGGTAAAGTCA.1,11
GAGTCCGGTCTCAACA.1,7
GATCAGTAGCTCTCGG.1,3
GATCAGTAGGGTTTCT.1,3
GATCAGTCACAAGTAA.1,3
GATCAGTCATGCTAGT.1,6
GATCAGTGTGCCTGGT.1,6
GATCGATAGCTAACTC.1,3
GATCGATCAAGTTAAG.1,3
GATCGATGTGCCTGCA.1,3
GATCGCGGTAGAAGGA.1,7
GATCGCGGTAGGAGTC.1,3
GATCGCGGTCACCTAA.1,8
GATCGCGGTCCTAGCG.1,3
GATCGCGGTCTGATTG.1,3
GATCGCGGTGACGCCT.1,1
GATCGCGGTGGCGAAT.1,8
GATCGCGGTTACTGAC.1,1
GATCGCGTCAGCTTAG.1,2
GATCGCGTCAGTTTGG.1,11
GATCGTAAGGTGCACA.1,3
GATCGTACAAGAGGCT.1,8
GATCGTAGTATAGTAG.1,1
GATCGTAGTCTAGGTT.1,3
GATCGTATCATTATCC.1,3
GATCGTATCGCACTCT.1,4
GATCGTATCGGCGGTT.1,3
GATCGTATCTGAAAGA.1,9
GATCTAGAGTGGGATC.1,3
GATCTAGAGTTATCGC.1,3
GATCTAGAGTTGTAGA.1,3
GATCTAGCAGGCAGTA.1,4
GATCTAGGTTATGTGC.1,2
GATCTAGTCTCGAGTA.1,3
GATCTAGTCTTGTACT.1,11
GATGAAAAGTGCCAGA.1,3
GATGAAACACAGACTT.1,3
GATGAAACACAGAGGT.1,2
GATGAAACACTGTGTA.1,3
GATGAAACAGTAAGAT.1,2
GATGAAAGTACACCGC.1,1
GATGAAAGTGATGTCT.1,11
GATGAAAGTGGTACAG.1,2
GATGAAAGTTCATGGT.1,3
GATGAAAGTTGATTCG.1,3
GATGAAATCCAGTAGT.1,3
GATGAGGAGAAACCGC.1,2
GATGAGGAGCTCTCGG.1,2
GATGAGGAGGGCACTA.1,8
GATGAGGAGTCATGCT.1,1
GATGAGGAGTTGAGTA.1,8
GATGAGGGTAACGCGA.1,2
GATGAGGGTCGAACAG.1,7
GATGAGGGTCGACTAT.1,2
GATGAGGGTCGCTTCT.1,2
GATGAGGGTTCAGACT.1,8
GATGAGGTCCATTCTA.1,3
GATGAGGTCCGAATGT.1,8
GATGCTACACATCTTT.1,10
GATGCTACAGATGGGT.1,1
GATGCTACAGCGTAAG.1,1
GATGCTACAGGTTTCA.1,5
GATGCTACATTTCACT.1,3
GATGCTAGTGAGTGAC.1,3
GATGCTAGTGTGTGCC.1,3
GATGCTAGTGTTAAGA.1,7
GATGCTAGTTGAGTTC.1,1
GATGCTAGTTGATTCG.1,3
GATTCAGAGATGGCGT.1,3
GATTCAGAGCGTAGTG.1,1
GATTCAGAGGCAATTA.1,8
GATTCAGAGGTGATTA.1,11
GATTCAGCAATGGAAT.1,2
GATTCAGCAGATGAGC.1,7
GATTCAGCATCACCCT.1,1
GATTCAGGTGGCGAAT.1,2
GATTCAGTCGCGTAGC.1,3
GATTCAGTCTTAGAGC.1,2
GCAAACTAGAAGGACA.1,3
GCAAACTAGCTGAACG.1,2
GCAAACTCATATACCG.1,5
GCAAACTGTACAGTTC.1,3
GCAAACTGTATTAGCC.1,3
GCAAACTGTCGATTGT.1,3
GCAAACTGTCTTCAAG.1,3
GCAAACTGTGTTGGGA.1,7
GCAAACTTCAGCATGT.1,1
GCAATCAAGACCGGAT.1,1
GCAATCACACCCAGTG.1,2
GCAATCACAGATAATG.1,3
GCAATCAGTAACGTTC.1,6
GCAATCATCAGAAATG.1,11
GCACATAAGCCGCCTA.1,3
GCACATAAGCTCCCAG.1,3
GCACATAAGGCCATAG.1,2
GCACATAAGTTAGCGG.1,3
GCACATACAAACAACA.1,2
GCACATAGTAGAGGAA.1,11
GCACATAGTCTTCTCG.1,2
GCACATATCACGCATA.1,2
GCACATATCCGTTGCT.1,6
GCACTCTAGAGATGAG.1,1
GCACTCTAGCGTAGTG.1,2
GCACTCTAGTGCCAGA.1,3
GCACTCTCATGAGCGA.1,1
GCACTCTGTTAGATGA.1,2
GCACTCTTCAGTCCCT.1,2
GCACTCTTCAGTTTGG.1,3
GCACTCTTCATGTCTT.1,8
GCACTCTTCATTCACT.1,7
GCACTCTTCTGAGGGA.1,3
GCACTCTTCTGCTGCT.1,3
GCAGCCAAGTCTTGCA.1,2
GCAGCCACAAGGTTCT.1,6
GCAGCCAGTATGAAAC.1,2
GCAGCCAGTCGGCACT.1,8
GCAGCCAGTGTTTGTG.1,3
GCAGCCAGTTTAGGAA.1,8
GCAGCCATCATCGCTC.1,1
GCAGTTAAGGGATACC.1,1
GCAGTTACACGAAACG.1,8
GCAGTTACATGAGCGA.1,3
GCAGTTACATTGGGCC.1,8
GCAGTTAGTGGCCCTA.1,2
GCAGTTATCTCGATGA.1,3
GCAGTTATCTTAGCCC.1,3
GCATACAAGACAGAGA.1,2
GCATACAAGCAATCTC.1,2
GCATACAAGTCGTTTG.1,3
GCATACACAATACGCT.1,8
GCATACACAATTGCTG.1,2
GCATACAGTCAGATAA.1,1
GCATACAGTCTAGCCG.1,3
GCATACAGTTTAAGCC.1,5
GCATACATCCCATTAT.1,2
GCATACATCGCAAACT.1,3
GCATACATCGTACGGC.1,8
GCATACATCTTTAGGG.1,3
GCATGATAGCGATATA.1,2
GCATGATCAAAGCGGT.1,3
GCATGATCAAGCTGAG.1,3
GCATGATCAATCCAAC.1,1
GCATGATCACCAGCAC.1,3
GCATGATCAGTCGATT.1,3
GCATGATGTAGGCTGA.1,2
GCATGATGTCTCAACA.1,2
GCATGATGTTAAGTAG.1,5
GCATGATGTTACGCGC.1,8
GCATGATGTTGATTGC.1,3
GCATGATTCACAGTAC.1,3
GCATGATTCGGTTCGG.1,2
GCATGCGAGACTGGGT.1,8
GCATGCGAGCGCTCCA.1,3
GCATGCGAGGATGTAT.1,3
GCATGCGAGTACGTTC.1,8
GCATGCGCAAGCGAGT.1,3
GCATGCGCAGACGCTC.1,8
GCATGCGCAGATAATG.1,3
GCATGCGCATCGATTG.1,3
GCATGCGGTCAACTGT.1,8
GCATGCGGTCTGCGGT.1,3
GCATGCGGTGAGGCTA.1,9
GCATGTAAGAACTGTA.1,2
GCATGTAAGTACGTAA.1,3
GCATGTAAGTTACGGG.1,2
GCATGTACAGCTGCTG.1,2
GCATGTACAGTTTACG.1,3
GCATGTAGTAGCCTCG.1,2
GCATGTAGTCAACTGT.1,2
GCATGTAGTCAGGACA.1,3
GCATGTAGTTAAGACA.1,1
GCATGTAGTTCACGGC.1,8
GCATGTATCACCCTCA.1,1
GCATGTATCAGAAATG.1,5
GCATGTATCTTGCAAG.1,8
GCCAAATAGAGCCTAG.1,3
GCCAAATAGCGATATA.1,8
GCCAAATAGTGCTGCC.1,9
GCCAAATCATACAGCT.1,3
GCCAAATCATGCAACT.1,2
GCCAAATGTCGTTGTA.1,2
GCCAAATGTCTCCATC.1,2
GCCAAATTCTAAGCCA.1,3
GCCAAATTCTGCAGTA.1,8
GCCTCTAAGACAATAC.1,2
GCCTCTAAGAGCAATT.1,11
GCCTCTAAGCAGCGTA.1,8
GCCTCTAAGGCAGGTT.1,2
GCCTCTAAGGGAACGG.1,3
GCCTCTACATGTCCTC.1,2
GCGACCAAGAAGCCCA.1,3
GCGACCACACGAGAGT.1,2
GCGACCACAGTCGATT.1,4
GCGACCAGTAATCACC.1,2
GCGACCAGTGCAGACA.1,3
GCGACCAGTTCCCTTG.1,2
GCGAGAAAGAATGTGT.1,7
GCGAGAAAGACAGGCT.1,2
GCGAGAAAGTGTGGCA.1,2
GCGAGAAAGTTAAGTG.1,3
GCGAGAACAAGTTGTC.1,4
GCGAGAACACAACGTT.1,3
GCGAGAACACAGGAGT.1,3
GCGAGAACATTGGTAC.1,3
GCGAGAAGTAAACGCG.1,5
GCGAGAAGTCATCCCT.1,3
GCGAGAAGTTACTGAC.1,1
GCGAGAAGTTCTGGTA.1,5
GCGAGAATCACAGGCC.1,2
GCGAGAATCAGCACAT.1,3
GCGAGAATCGACGGAA.1,1
GCGAGAATCTAACTCT.1,2
GCGAGAATCTACTCAT.1,2
GCGCAACAGCGATCCC.1,2
GCGCAACAGCGTGTCC.1,8
GCGCAACAGGCGTACA.1,3
GCGCAACCAACGATCT.1,2
GCGCAACCAAGGTTTC.1,8
GCGCAACCAGGTGGAT.1,2
GCGCAACCAGTCAGCC.1,2
GCGCAACGTCGGATCC.1,2
GCGCAACGTGTCAATC.1,3
GCGCAACGTTAGGGTG.1,3
GCGCAACGTTGCGCAC.1,1
GCGCAACTCACGAAGG.1,11
GCGCAACTCGTTTGCC.1,11
GCGCAACTCTCATTCA.1,8
GCGCAGTAGAGCTATA.1,3
GCGCAGTAGCACCGCT.1,3
GCGCAGTAGCGTGTCC.1,3
GCGCAGTCAGCGTAAG.1,3
GCGCAGTCATTGTGCA.1,3
GCGCAGTCATTTGCCC.1,3
GCGCAGTGTCTGCGGT.1,3
GCGCCAAAGGCTAGAC.1,7
GCGCCAACAGCTTAAC.1,3
GCGCCAACATTCACTT.1,3
GCGCCAAGTACGAAAT.1,4
GCGCCAAGTCATGCAT.1,4
GCGCCAAGTTCAGCGC.1,2
GCGCCAATCAAACCAC.1,3
GCGCCAATCATCACCC.1,2
GCGCCAATCGTAGGTT.1,3
GCGCGATAGACTACAA.1,2
GCGCGATAGGATGCGT.1,9
GCGCGATAGTGTTGAA.1,3
GCGCGATCACATCTTT.1,2
GCGCGATCAGTCACTA.1,2
GCGCGATCATAGGATA.1,2
GCGCGATTCCTTTCTC.1,8
GCGCGATTCGGTGTTA.1,8
GCGCGATTCGTCTGAA.1,3
GCGGGTTAGCGTTTAC.1,3
GCGGGTTAGCTAAGAT.1,11
GCGGGTTAGTCGATAA.1,6
GCGGGTTCAATAAGCA.1,3
GCGGGTTGTCTTCTCG.1,3
GCGGGTTGTGAAAGAG.1,2
GCGGGTTGTGGGTATG.1,1
GCGGGTTTCCAAGTAC.1,3
GCTCCTAAGAGAACAG.1,3
GCTCCTACAAAGTGCG.1,1
GCTCCTACAGCCAGAA.1,1
GCTCCTAGTTCTGAAC.1,2
GCTCCTATCTGGTGTA.1,3
GCTCTGTAGCGCCTCA.1,3
GCTCTGTAGTTTCCTT.1,1
GCTCTGTCAAGCGCTC.1,3
GCTCTGTCAAGTCTGT.1,8
GCTCTGTCACATAACC.1,6
GCTCTGTCATTCGACA.1,11
GCTCTGTGTAGCGCAA.1,3
GCTCTGTGTTAAGAAC.1,3
GCTCTGTTCACGAAGG.1,3
GCTCTGTTCATCGGAT.1,6
GCTCTGTTCTTACCTA.1,7
GCTGCAGAGGATGGAA.1,3
GCTGCAGAGGTACTCT.1,3
GCTGCAGCACAGTCGC.1,1
GCTGCAGGTGCATCTA.1,11
GCTGCAGGTTGTGGCC.1,2
GCTGCAGTCACTTCAT.1,3
GCTGCAGTCTGCCAGG.1,2
GCTGCGAAGCCGTCGT.1,3
GCTGCGAAGCTGTTCA.1,3
GCTGCGAAGGCTAGGT.1,3
GCTGCGACAAGCGAGT.1,3
GCTGCGACAATGGAGC.1,3
GCTGCGACATAACCTG.1,4
GCTGCGAGTGGCAAAC.1,11
GCTGCGATCAACACGT.1,2
GCTGCGATCAAGCCTA.1,1
GCTGCGATCCGAGCCA.1,1
GCTGCGATCGTTGCCT.1,6
GCTGCTTAGAGCTGCA.1,6
GCTGCTTAGAGGTAGA.1,1
GCTGCTTAGCTCCTTC.1,1
GCTGCTTAGGACCACA.1,3
GCTGCTTAGGCTAGAC.1,3
GCTGCTTAGGTAGCCA.1,2
GCTGCTTCACAGCGTC.1,6
GCTGCTTCAGACGCTC.1,3
GCTGCTTCAGGGAGAG.1,2
GCTGCTTCATTCGACA.1,11
GCTGCTTGTTAAGGGC.1,6
GCTGCTTTCGTTGACA.1,3
GCTGGGTAGAAGGTTT.1,2
GCTGGGTAGGTAGCTG.1,5
GCTGGGTCACCTCGTT.1,6
GCTGGGTCACTTAAGC.1,3
GCTGGGTCAGCTGTGC.1,5
GCTGGGTCAGGAATGC.1,3
GCTGGGTCAGTATGCT.1,8
GCTGGGTGTAGCGTAG.1,4
GCTGGGTGTAGTAGTA.1,3
GCTGGGTGTCAGCTAT.1,3
GCTGGGTGTGACTACT.1,5
GCTGGGTGTTAAAGAC.1,3
GCTGGGTTCCATGAAC.1,3
GCTGGGTTCTTGTTTG.1,3
GCTTCCAAGAGCTGGT.1,4
GCTTCCAAGCTACCGC.1,3
GCTTCCAAGCTTATCG.1,2
GCTTCCAAGGAATCGC.1,3
GCTTCCAAGTCTCGGC.1,3
GCTTCCACACGAGAGT.1,3
GCTTCCACAGCTCGCA.1,1
GCTTCCAGTCGCATAT.1,3
GCTTCCAGTCTGCAAT.1,3
GCTTCCATCCTACAGA.1,1
GCTTCCATCTCCTATA.1,11
GCTTGAACAAATCCGT.1,6
GCTTGAACAACGCACC.1,1
GCTTGAACACAGACAG.1,3
GCTTGAACACAGTCGC.1,1
GCTTGAACACCAGTTA.1,5
GCTTGAACACTTCGAA.1,2
GCTTGAACAGCTGTGC.1,8
GCTTGAAGTAGCTGCC.1,7
GCTTGAAGTCGGATCC.1,4
GCTTGAAGTTCCTCCA.1,7
GCTTGAATCGCTAGCG.1,8
GCTTGAATCTTGAGGT.1,3
GGAAAGCAGCCAGAAC.1,3
GGAAAGCAGGAGTAGA.1,3
GGAAAGCCAAGCCATT.1,2
GGAAAGCGTCGCTTTC.1,1
GGAAAGCTCGAATGCT.1,1
GGAAAGCTCTTGACGA.1,2
GGAACTTAGCCAGGAT.1,3
GGAACTTAGTTCCACA.1,3
GGAACTTCAGACAAGC.1,7
GGAACTTTCACTCCTG.1,3
GGAACTTTCACTTCAT.1,3
GGAACTTTCATATCGG.1,2
GGAACTTTCGATCCCT.1,2
GGAATAAAGCTCAACT.1,3
GGAATAACAAGGTTTC.1,1
GGAATAACACAAGACG.1,3
GGAATAACACAGCGTC.1,8
GGAATAACAGGCTGAA.1,3
GGAATAAGTTTGACTG.1,3
GGAATAATCACCTTAT.1,3
GGAATAATCGGAAACG.1,3
GGACAAGAGAAGCCCA.1,2
GGACAAGAGCCATCGC.1,2
GGACAAGAGGTACTCT.1,9
GGACAAGCAATCTACG.1,3
GGACAAGCAGCGTAAG.1,3
GGACAAGGTCTTGATG.1,3
GGACAAGTCAGTTCGA.1,1
GGACAAGTCATAAAGG.1,8
GGACAAGTCGTTGCCT.1,6
GGACAAGTCTCAAGTG.1,8
GGACAGACAGATGGGT.1,3
GGACAGACAGCTTCGG.1,11
GGACAGACAGTCAGAG.1,9
GGACAGAGTATAGGTA.1,2
GGACATTCACAGTCGC.1,1
GGACATTCACTCTGTC.1,4
GGACATTCATGAAGTA.1,2
GGACATTCATTGCGGC.1,3
GGACATTGTCTCAACA.1,3
GGACATTGTGGCGAAT.1,3
GGACATTTCGAACGGA.1,7
GGACGTCAGAGTAATC.1,3
GGACGTCCATCCGTGG.1,2
GGACGTCCATGAACCT.1,3
GGACGTCGTAAATACG.1,8
GGACGTCGTCGTTGTA.1,2
GGACGTCTCTTGAGGT.1,1
GGAGCAAAGAAACGCC.1,3
GGAGCAAAGACACGAC.1,3
GGAGCAAAGATGCCAG.1,2
GGAGCAAAGATGTGGC.1,3
GGAGCAAAGTGTTTGC.1,3
GGAGCAAGTCCGTGAC.1,4
GGAGCAAGTGGACGAT.1,8
GGAGCAATCATTGCGA.1,1
GGAGCAATCGCTTGTC.1,3
GGAGCAATCGTCACGG.1,7
GGATGTTCAGATCGGA.1,1
GGATGTTGTATCGCAT.1,6
GGATGTTGTCACTGGC.1,2
GGATGTTGTCCAAGTT.1,2
GGATGTTGTCTGCCAG.1,3
GGATGTTTCAGTCAGT.1,4
GGATGTTTCATACGGT.1,3
GGATTACAGAGTAAGG.1,3
GGATTACAGATCCGAG.1,6
GGATTACAGCGATATA.1,3
GGATTACAGCTTCGCG.1,7
GGATTACAGGCTATCT.1,8
GGATTACAGTCAATAG.1,6
GGATTACAGTGGAGAA.1,2
GGATTACCATAGGATA.1,1
GGATTACGTACAAGTA.1,2
GGATTACTCCCTAATT.1,8
GGCAATTAGAATCTCC.1,3
GGCAATTAGCGTGAAC.1,3
GGCAATTGTAAGAGGA.1,8
GGCAATTGTAGCACGA.1,4
GGCAATTGTCGCTTCT.1,3
GGCAATTGTGATGTGG.1,3
GGCAATTGTGTTGGGA.1,3
GGCAATTGTTCCATGA.1,3
GGCAATTTCTCACATT.1,3
GGCCGATAGAACTGTA.1,2
GGCCGATAGGTACTCT.1,4
GGCCGATAGTCGATAA.1,8
GGCCGATAGTCGTTTG.1,3
GGCCGATAGTGCTGCC.1,2
GGCCGATCACCTTGTC.1,3
GGCCGATGTGGCGAAT.1,6
GGCCGATGTGGTACAG.1,1
GGCCGATGTTGGTAAA.1,8
GGCCGATTCACCCTCA.1,3
GGCCGATTCGGTGTTA.1,5
GGCGACTAGTGTACTC.1,8
GGCGACTAGTGTGAAT.1,3
GGCGACTAGTGTGGCA.1,7
GGCGACTCAATGGACG.1,3
GGCGACTCAGGAATGC.1,11
GGCGACTCATGGATGG.1,11
GGCGACTGTAGCCTAT.1,1
GGCGACTGTTAGATGA.1,5
GGCGACTGTTATGCGT.1,2
GGCGACTGTTCTCATT.1,7
GGCGACTTCAACCAAC.1,2
GGCGTGTAGATCCTGT.1,2
GGCGTGTAGCTAGTCT.1,2
GGCGTGTAGTAAGTAC.1,7
GGCGTGTCAAGCGTAG.1,1
GGCGTGTGTAAGCACG.1,3
GGCGTGTGTAGATTAG.1,11
GGCGTGTGTATTAGCC.1,2
GGCGTGTGTTGAACTC.1,3
GGCGTGTTCTGAGTGT.1,3
GGCTCGAAGAAGGTGA.1,7
GGCTCGAAGAATTCCC.1,11
GGCTCGAAGGCTCATT.1,2
GGCTCGAAGTTGCAGG.1,8
GGCTCGAGTAGCACGA.1,2
GGCTCGATCCAGGGCT.1,3
GGCTCGATCCATGAAC.1,3
GGCTGGTAGAGCTGCA.1,3
GGCTGGTAGATACACA.1,3
GGCTGGTAGCCGCCTA.1,3
GGCTGGTAGCGGCTTC.1,1
GGCTGGTAGCGTCAAG.1,3
GGCTGGTAGTTAGGTA.1,8
GGCTGGTCAAAGCGGT.1,2
GGCTGGTCAAGAAAGG.1,1
GGCTGGTCACTGTCGG.1,3
GGCTGGTCAGCGATCC.1,1
GGCTGGTCAGTCGATT.1,3
GGCTGGTCATCGTCGG.1,8
GGCTGGTCATTCACTT.1,3
GGCTGGTGTTATGCGT.1,6
GGCTGGTGTTGATTGC.1,2
GGCTGGTGTTTAGGAA.1,8
GGCTGGTTCCCTCTTT.1,3
GGCTGGTTCGTTGCCT.1,8
GGGAATGCACGGCCAT.1,2
GGGAATGCATGATCCA.1,3
GGGAATGGTACCCAAT.1,1
GGGAATGGTACTTGAC.1,1
GGGAATGGTCGCTTCT.1,3
GGGAATGGTGTAACGG.1,2
GGGAATGGTTGATTCG.1,3
GGGAATGTCTACCTGC.1,2
GGGAATGTCTATCCCG.1,3
GGGACCTAGCCTATGT.1,2
GGGACCTAGCGTCAAG.1,3
GGGACCTCAAATTGCC.1,2
GGGACCTCATAACCTG.1,3
GGGACCTTCACGACTA.1,3
GGGAGATAGAAGGGTA.1,2
GGGAGATAGATCTGCT.1,3
GGGAGATCAAGGTTTC.1,11
GGGAGATCAGCTGTGC.1,8
GGGAGATCATACGCCG.1,3
GGGAGATGTGCTTCTC.1,3
GGGAGATGTTCCACGG.1,2
GGGAGATTCACCATAG.1,3
GGGAGATTCATAGCAC.1,2
GGGAGATTCCTTTCGG.1,3
GGGAGATTCTGTACGA.1,3
GGGATGAAGAGGGATA.1,4
GGGATGAAGCAGACTG.1,8
GGGATGAAGTTTCCTT.1,1
GGGATGACAATGTAAG.1,2
GGGATGACAGTAGAGC.1,2
GGGATGACAGTCGTGC.1,3
GGGATGACATCGGTTA.1,2
GGGATGATCATAAAGG.1,3
GGGATGATCGGAAACG.1,2
GGGATGATCTACTTAC.1,3
GGGCACTAGATCCCAT.1,3
GGGCACTAGGTGATTA.1,3
GGGCACTCACATGTGT.1,3
GGGCACTCAGCCTTGG.1,11
GGGCACTGTAACGTTC.1,3
GGGCACTGTGATGTGG.1,3
GGGCACTTCACTCTTA.1,3
GGGCATCAGACACGAC.1,3
GGGCATCAGCACAGGT.1,2
GGGCATCAGTACGATA.1,3
GGGCATCCATTGGGCC.1,3
GGGCATCGTAGCTTGT.1,4
GGGCATCTCAGAGGTG.1,2
GGGCATCTCTCTTATG.1,3
GGGTCTGCAACACCCG.1,3
GGGTCTGCACTCAGGC.1,2
GGGTCTGCAGCTTCGG.1,1
GGGTCTGGTAGAGGAA.1,3
GGGTCTGGTAGCAAAT.1,1
GGGTCTGGTGTTTGGT.1,3
GGGTCTGGTTCCACTC.1,2
GGGTCTGTCGTAGATC.1,3
GGGTCTGTCTCATTCA.1,2
GGGTTGCAGAAGCCCA.1,3
GGGTTGCAGCCAGGAT.1,1
GGGTTGCAGGTCGGAT.1,9
GGGTTGCCACGGATAG.1,3
GGGTTGCTCAATCTCT.1,2
GGGTTGCTCGCCAAAT.1,2
GGGTTGCTCTCTGCTG.1,1
GGGTTGCTCTGTCCGT.1,3
GGTATTGAGTGTCCAT.1,8
GGTATTGCAACTGGCC.1,1
GGTATTGCAGCCTTGG.1,2
GGTATTGGTGAGGCTA.1,3
GGTATTGGTGTCCTCT.1,2
GGTATTGTCAGCTCTC.1,3
GGTATTGTCCTCTAGC.1,3
GGTATTGTCTGACCTC.1,4
GGTGAAGAGTACGATA.1,3
GGTGAAGAGTCCATAC.1,3
GGTGAAGAGTCTTGCA.1,7
GGTGAAGCAATGACCT.1,4
GGTGAAGCAGGCAGTA.1,7
GGTGAAGCAGTAACGG.1,2
GGTGAAGGTACCTACA.1,3
GGTGAAGGTGTTGGGA.1,2
GGTGAAGGTTGCGCAC.1,8
GGTGCGTAGCGCCTCA.1,6
GGTGCGTCACGAGAGT.1,8
GGTGCGTCATCGGACC.1,2
GGTGCGTGTCAGGACA.1,4
GGTGCGTGTTGCGTTA.1,3
GGTGCGTTCAAACCGT.1,8
GGTGCGTTCGCAGGCT.1,3
GGTGCGTTCTCGCTTG.1,8
GGTGTTAAGATCGATA.1,3
GGTGTTAAGCGTGAGT.1,3
GGTGTTAAGCTAGCCC.1,2
GGTGTTACAATAACGA.1,4
GGTGTTACACTGAAGG.1,3
GGTGTTACATGCAATC.1,3
GGTGTTAGTGATGCCC.1,8
GGTGTTATCCTTTACA.1,1
GTAACGTAGAGGTAGA.1,2
GTAACGTCAATGTAAG.1,3
GTAACGTCACAGAGGT.1,6
GTAACGTCACCCATGG.1,2
GTAACGTTCAGTCCCT.1,3
GTAACGTTCCACGTGG.1,8
GTAACGTTCCTGCAGG.1,6
GTAACTGAGACTACAA.1,3
GTAACTGAGAGATGAG.1,2
GTAACTGCAGTATAAG.1,3
GTAACTGGTCGTGGCT.1,2
GTAACTGGTCTCGTTC.1,6
GTAACTGGTTCACGGC.1,4
GTAACTGGTTGGACCC.1,8
GTAACTGTCATGTCCC.1,1
GTAACTGTCCATGCTC.1,3
GTAACTGTCCTATTCA.1,3
GTACGTAAGATCCCAT.1,3
GTACGTAAGGCTAGCA.1,8
GTACGTAAGGGTCTCC.1,3
GTACGTAAGTACTTGC.1,8
GTACGTACAACAACCT.1,3
GTACGTACACACGCTG.1,3
GTACGTACATCGGAAG.1,2
GTACGTAGTAAGTTCC.1,3
GTACGTAGTGTAAGTA.1,3
GTACGTATCAAACCAC.1,8
GTACGTATCCCTCTTT.1,8
GTACGTATCTCACATT.1,3
GTACGTATCTCGTATT.1,3
GTACGTATCTTCATGT.1,11
GTACTCCAGACGCTTT.1,3
GTACTCCAGAGATGAG.1,8
GTACTCCAGGATATAC.1,2
GTACTCCCAACTTGAC.1,4
GTACTCCCAATAACGA.1,3
GTACTCCCACGAGAGT.1,2
GTACTCCGTGTGCGTC.1,8
GTACTCCGTTAGGGTG.1,2
GTACTCCTCCGTCATC.1,8
GTACTTTAGTCCTCCT.1,3
GTACTTTCACGTCAGC.1,2
GTACTTTCACTAGTAC.1,2
GTACTTTCATGAAGTA.1,2
GTACTTTGTAACGACG.1,3
GTACTTTGTCGCTTCT.1,3
GTACTTTTCCTGCTTG.1,3
GTACTTTTCGAGCCCA.1,3
GTACTTTTCGGATGTT.1,2
GTAGGCCAGGATGGAA.1,3
GTAGGCCCACAGGTTT.1,2
GTAGGCCCACCATCCT.1,3
GTAGGCCCACTAGTAC.1,5
GTAGGCCGTACGCTGC.1,3
GTAGGCCGTTCAGCGC.1,2
GTAGGCCGTTGTCTTT.1,3
GTAGGCCGTTTGGCGC.1,4
GTAGGCCTCCAGTATG.1,2
GTAGGCCTCCATGAGT.1,2
GTAGTCAAGAAGCCCA.1,3
GTAGTCAAGCGTAGTG.1,3
GTAGTCAAGGGTCTCC.1,9
GTAGTCACAAGCCGTC.1,2
GTAGTCACACGACGAA.1,11
GTAGTCACAGACAGGT.1,1
GTAGTCAGTCTTGCGG.1,3
GTAGTCATCACTTCAT.1,3
GTAGTCATCAGCTCTC.1,3
GTAGTCATCCAGTATG.1,3
GTAGTCATCTGTGCAA.1,3
GTATCTTAGGCTCAGA.1,3
GTATCTTAGTATTGGA.1,3
GTATCTTAGTGTTAGA.1,3
GTATCTTAGTTGTAGA.1,3
GTATCTTCAGATTGCT.1,3
GTATCTTCAGGATCGA.1,6
GTATCTTCATATGAGA.1,3
GTATCTTGTGTGAATA.1,3
GTATCTTGTTCGCTAA.1,3
GTATCTTTCATCATTC.1,2
GTATCTTTCCCAGGTG.1,3
GTATTCTAGAAAGTGG.1,2
GTATTCTAGGATGGAA.1,3
GTATTCTAGTATCTCG.1,2
GTATTCTCAATCCGAT.1,3
GTATTCTCACGTAAGG.1,5
GTATTCTGTAGGCTGA.1,3
GTATTCTGTAGTGAAT.1,4
GTATTCTGTCCAGTAT.1,3
GTATTCTGTCGACTGC.1,3
GTATTCTTCAAGAAGT.1,2
GTATTCTTCGTTTATC.1,3
GTATTCTTCTGATACG.1,3
GTATTCTTCTTGCAAG.1,3
GTCAAGTAGGGCTTGA.1,8
GTCAAGTCACACATGT.1,8
GTCAAGTCATCCAACA.1,3
GTCAAGTGTGCAACGA.1,3
GTCAAGTTCTAACTTC.1,2
GTCACAAAGGCAATTA.1,1
GTCACAAAGTGGTAGC.1,3
GTCACAAAGTGTTAGA.1,8
GTCACAACACATGACT.1,6
GTCACAACACCACGTG.1,3
GTCACAAGTATTCGTG.1,3
GTCACAAGTTGCCTCT.1,3
GTCACAATCCGGGTGT.1,3
GTCACGGAGCGAAGGG.1,9
GTCACGGAGCGATCCC.1,3
GTCACGGAGGGAGTAA.1,2
GTCACGGCAGATCTGT.1,1
GTCACGGCAGCCTATA.1,2
GTCACGGCATCGATGT.1,7
GTCACGGCATGTAAGA.1,2
GTCACGGGTAAGTTCC.1,3
GTCACGGGTCAGCTAT.1,1
GTCACGGGTCCGAAGA.1,2
GTCACGGTCAGCCTAA.1,3
GTCACGGTCAGTCAGT.1,6
GTCATTTAGAGACGAA.1,5
GTCATTTAGATGCCTT.1,1
GTCATTTAGCTATGCT.1,1
GTCATTTAGGCAGTCA.1,3
GTCATTTAGGGAAACA.1,1
GTCATTTCATGATCCA.1,3
GTCATTTGTCTCAACA.1,1
GTCATTTGTTGTGGCC.1,3
GTCCTCAAGCCGCCTA.1,8
GTCCTCACAAACCTAC.1,8
GTCCTCACAATCGGTT.1,3
GTCCTCACACTCTGTC.1,3
GTCCTCACAGAGTGTG.1,11
GTCCTCACATCGGGTC.1,3
GTCCTCAGTAAGTGGC.1,3
GTCCTCAGTACGCACC.1,3
GTCCTCAGTGCCTTGG.1,11
GTCCTCAGTTGAGTTC.1,8
GTCCTCATCACAATGC.1,4
GTCCTCATCCCATTAT.1,2
GTCCTCATCTAAGCCA.1,8
GTCCTCATCTATCCTA.1,7
GTCCTCATCTGAGTGT.1,2
GTCCTCATCTTCAACT.1,3
GTCGGGTCAAGCGATG.1,2
GTCGGGTCACGTTGGC.1,3
GTCGGGTGTGCAGTAG.1,3
GTCGGGTGTTCCACAA.1,3
GTCGGGTTCACGGTTA.1,4
GTCGGGTTCTGCTTGC.1,1
GTCGTAAAGGTGTTAA.1,6
GTCGTAACAATGGAAT.1,2
GTCGTAAGTTTGGGCC.1,3
GTCGTAATCCGAGCCA.1,2
GTCTCGTAGGGTTTCT.1,3
GTCTCGTAGTGCCATT.1,8
GTCTCGTCAAACGCGA.1,2
GTCTCGTCAATGACCT.1,3
GTCTCGTGTGATGTGG.1,4
GTCTCGTGTTTCGCTC.1,2
GTCTCGTTCAAAGACA.1,8
GTCTCGTTCAACACGT.1,2
GTCTCGTTCAACCAAC.1,3
GTCTCGTTCATCTGTT.1,3
GTCTCGTTCCCACTTG.1,3
GTCTCGTTCCTATGTT.1,6
GTCTCGTTCGCAGGCT.1,1
GTCTCGTTCTACTCAT.1,3
GTCTTCGAGGGCTCTC.1,1
GTCTTCGCACATCTTT.1,7
GTCTTCGGTCTCTCTG.1,6
GTCTTCGGTGACTCAT.1,2
GTCTTCGGTTCCACTC.1,3
GTCTTCGGTTCTGTTT.1,11
GTCTTCGGTTTCCACC.1,4
GTCTTCGTCAACGGCC.1,3
GTCTTCGTCGATCCCT.1,8
GTGAAGGAGACAAGCC.1,2
GTGAAGGAGAGTAATC.1,7
GTGAAGGAGCCAGAAC.1,4
GTGAAGGAGCTACCGC.1,11
GTGAAGGAGGATGGAA.1,11
GTGAAGGAGTGCAAGC.1,3
GTGAAGGCAATAGAGT.1,8
GTGAAGGCACCCTATC.1,3
GTGAAGGGTGATGTGG.1,5
GTGAAGGGTTGGTGGA.1,8
GTGAAGGTCCACGTGG.1,3
GTGAAGGTCGTCACGG.1,2
GTGCAGCAGCGTCTAT.1,3
GTGCAGCAGCTTTGGT.1,5
GTGCAGCCACTTAAGC.1,3
GTGCAGCCAGGCAGTA.1,2
GTGCAGCCATGCGCAC.1,7
GTGCAGCCATTCGACA.1,2
GTGCAGCGTGACGGTA.1,2
GTGCAGCTCAAGGTAA.1,6
GTGCAGCTCAGTTAGC.1,1
GTGCAGCTCATACGGT.1,8
GTGCATAAGAACTCGG.1,1
GTGCATAAGCTAAGAT.1,11
GTGCATAAGGACGAAA.1,8
GTGCATAGTAACGACG.1,4
GTGCATAGTAAGAGGA.1,1
GTGCGGTAGACGACGT.1,2
GTGCGGTCAATCGGTT.1,6
GTGCGGTCATCCGGGT.1,3
GTGCGGTGTAAGTAGT.1,1
GTGCGGTTCTAACTGG.1,3
GTGCTTCAGACTTGAA.1,7
GTGCTTCAGCCCAGCT.1,3
GTGCTTCAGGCTAGAC.1,1
GTGCTTCAGGCTCTTA.1,4
GTGCTTCCACCACGTG.1,8
GTGCTTCCAGCTGTAT.1,2
GTGCTTCCAGGGTTAG.1,3
GTGCTTCGTTCCCTTG.1,8
GTGCTTCGTTGTCTTT.1,8
GTGCTTCTCCACTGGG.1,1
GTGCTTCTCTTAGCCC.1,1
GTGGGTCAGACCCACC.1,3
GTGGGTCAGACTAAGT.1,11
GTGGGTCAGAGAACAG.1,3
GTGGGTCAGTACGATA.1,1
GTGGGTCCAGCTCGAC.1,2
GTGGGTCCATACGCCG.1,1
GTGGGTCGTCAGAGGT.1,3
GTGGGTCGTCCGAAGA.1,3
GTGGGTCGTTCGTGAT.1,2
GTGGGTCTCTGATTCT.1,2
GTGTGCGAGTACGATA.1,3
GTGTGCGGTAGCTTGT.1,5
GTGTGCGGTCCTAGCG.1,3
GTGTGCGTCGAGAGCA.1,3
GTGTGCGTCGGCTTGG.1,9
GTGTGCGTCTAACTGG.1,8
GTGTTAGAGAATGTTG.1,3
GTGTTAGAGTCAAGGC.1,2
GTGTTAGCAAACAACA.1,1
GTGTTAGCATCACCCT.1,1
GTGTTAGTCACGCATA.1,3
GTGTTAGTCGCGGATC.1,3
GTGTTAGTCGGCGGTT.1,3
GTTAAGCAGTGAACGC.1,3
GTTAAGCAGTGAAGAG.1,3
GTTAAGCCAATCCGAT.1,3
GTTAAGCGTCGCATAT.1,5
GTTAAGCTCAATCACG.1,3
GTTAAGCTCCACTCCA.1,3
GTTACAGAGGTAGCCA.1,2
GTTACAGAGTTATCGC.1,3
GTTACAGGTCGCATCG.1,2
GTTACAGGTCGTGGCT.1,2
GTTACAGGTCTCTTAT.1,3
GTTACAGTCCGGCACA.1,2
GTTCATTAGCTGTTCA.1,8
GTTCATTAGGGTGTGT.1,1
GTTCATTAGTTAACGA.1,1
GTTCATTCAGGGTTAG.1,5
GTTCATTCATCTCCCA.1,3
GTTCATTTCGCCATAA.1,3
GTTCGGGAGAGTCTGG.1,3
GTTCGGGAGGGTCTCC.1,3
GTTCGGGCAAGTTAAG.1,1
GTTCGGGCAGATCTGT.1,6
GTTCGGGCAGTAGAGC.1,11
GTTCGGGCATCGATTG.1,2
GTTCGGGGTCATACTG.1,3
GTTCGGGGTCGAGATG.1,3
GTTCGGGGTTAAGTAG.1,5
GTTCGGGGTTCACCTC.1,11
GTTCGGGTCTTGAGAC.1,3
GTTCTCGAGAAACGCC.1,8
GTTCTCGCACCAGCAC.1,8
GTTCTCGCACTAAGTC.1,3
GTTCTCGCATGCCTAA.1,3
GTTCTCGGTCCTGCTT.1,3
GTTCTCGGTCTCACCT.1,2
GTTCTCGGTGGCAAAC.1,8
GTTCTCGTCACCGGGT.1,1
GTTCTCGTCTTGACGA.1,2
GTTTCTAGTAAATGTG.1,8
GTTTCTAGTAAGTAGT.1,11
TAAACCGAGATGCCTT.1,2
TAAACCGAGCTATGCT.1,3
TAAACCGAGGCATTGG.1,3
TAAACCGCATGGTTGT.1,2
TAAACCGGTAGCAAAT.1,2
TAAACCGGTCTCACCT.1,8
TAAACCGTCACATGCA.1,3
TAAACCGTCACTGGGC.1,3
TAAACCGTCCCGGATG.1,3
TAAGAGAAGCCGATTT.1,5
TAAGAGAAGCTAACAA.1,11
TAAGAGAAGCTGTCTA.1,2
TAAGAGACACATTCGA.1,3
TAAGAGACACGTGAGA.1,3
TAAGAGAGTAGGGACT.1,2
TAAGAGAGTCTCGTTC.1,8
TAAGAGAGTGCCTGTG.1,2
TAAGAGAGTGCTAGCC.1,3
TAAGAGAGTTCCGTCT.1,7
TAAGAGATCGTAGGAG.1,8
TAAGCGTAGCTGAAAT.1,2
TAAGCGTAGTTTCCTT.1,3
TAAGCGTCACGTTGGC.1,3
TAAGCGTCACTGAAGG.1,2
TAAGCGTCATCGATTG.1,8
TAAGCGTGTCCCGACA.1,3
TAAGCGTTCACTTATC.1,8
TAAGCGTTCGCCGTGA.1,3
TAAGTGCAGCTGAAAT.1,2
TAAGTGCCACTGCCAG.1,3
TAAGTGCGTCCGTCAG.1,1
TAAGTGCTCGGTCTAA.1,1
TACACGAAGGGTCTCC.1,11
TACACGAAGTAACCCT.1,1
TACACGACAAGCCTAT.1,2
TACACGACACGTCTCT.1,2
TACACGACATATACGC.1,3
TACACGAGTACCGTTA.1,1
TACACGAGTGCACTTA.1,2
TACACGATCTAAGCCA.1,8
TACAGTGAGCCGTCGT.1,2
TACAGTGAGTACGCCC.1,2
TACAGTGCAACTGGCC.1,2
TACAGTGCAGACAAGC.1,1
TACAGTGCATACTCTT.1,3
TACAGTGGTAAGTAGT.1,9
TACAGTGGTATTACCG.1,1
TACAGTGGTCGACTGC.1,3
TACAGTGGTTTGCATG.1,2
TACAGTGTCCGCTGTT.1,3
TACAGTGTCGTACCGG.1,3
TACCTATAGTGGTCCC.1,2
TACCTATAGTTAACGA.1,3
TACCTATCACCAACCG.1,3
TACCTATCACGGACAA.1,3
TACCTATCACGGATAG.1,8
TACCTATCAGATGGGT.1,2
TACCTATCATTGGGCC.1,3
TACCTATGTCACACGC.1,3
TACCTATGTCCATGAT.1,3
TACCTATGTCTTCGTC.1,5
TACCTATTCAGGCGAA.1,3
TACCTATTCCAGAAGG.1,3
TACCTTAAGATGTGGC.1,1
TACCTTAAGTGTGAAT.1,4
TACCTTACAGAAGCAC.1,6
TACCTTACAGTGGGAT.1,8
TACCTTACATCCGGGT.1,1
TACCTTAGTTACTGAC.1,3
TACCTTAGTTTCGCTC.1,8
TACCTTATCACCACCT.1,9
TACCTTATCGATCCCT.1,2
TACGGATAGAAACGAG.1,3
TACGGATAGAAGGACA.1,2
TACGGATAGATGTTAG.1,4
TACGGATAGGTTCCTA.1,2
TACGGATCAATGAAAC.1,2
TACGGATGTAGGGTAC.1,3
TACGGATGTCTGGAGA.1,8
TACGGATTCGCGGATC.1,5
TACGGATTCTCTGTCG.1,8
TACGGATTCTTGTATC.1,3
TACGGGCCAGGGCATA.1,2
TACGGGCCATCCTTGC.1,3
TACGGGCGTCAGAATA.1,8
TACGGGCGTGCCTGCA.1,2
TACGGGCGTTAGGGTG.1,3
TACGGGCTCGGACAAG.1,2
TACGGTAAGGCGACAT.1,2
TACGGTACAACACCCG.1,3
TACGGTACACCCTATC.1,3
TACGGTACAGCTGTGC.1,7
TACGGTAGTCGAATCT.1,3
TACGGTATCAACACTG.1,3
TACGGTATCCGAAGAG.1,3
TACGGTATCGCTGATA.1,3
TACTCATAGGTAGCTG.1,3
TACTCATCAAGGTGTG.1,6
TACTCATCATATACGC.1,2
TACTCATGTTCGCTAA.1,3
TACTCATTCAGTTCGA.1,11
TACTCATTCGTACCGG.1,3
TACTCGCCAGGATCGA.1,2
TACTCGCGTACCAGTT.1,2
TACTCGCGTACCATCA.1,2
TACTCGCGTATAATGG.1,3
TACTCGCGTCGAGTTT.1,11
TACTCGCTCAACGGCC.1,3
TACTCGCTCCACTGGG.1,3
TACTTACAGAAACCTA.1,3
TACTTACAGGTTACCT.1,2
TACTTACCAAACGCGA.1,9
TACTTACCAATCGAAA.1,1
TACTTACCACTAGTAC.1,8
TACTTACCAGACAAGC.1,11
TACTTACGTAGTGAAT.1,3
TACTTACGTCCATGAT.1,2
TACTTACTCAAAGTAG.1,4
TACTTACTCGCGCCAA.1,3
TACTTACTCTTCTGGC.1,2
TACTTGTAGCCCGAAA.1,2
TACTTGTAGCGCCTTG.1,2
TACTTGTAGGGAACGG.1,4
TACTTGTAGTGCCAGA.1,3
TACTTGTCACCGTTGG.1,2
TACTTGTCAGGCTCAC.1,2
TACTTGTCATATACCG.1,4
TACTTGTGTAGCTTGT.1,3
TACTTGTGTCTCACCT.1,3
TACTTGTGTGCCTGGT.1,2
TACTTGTTCGAGGTAG.1,2
TACTTGTTCGCAGGCT.1,1
TAGACCAAGTGGTAGC.1,3
TAGACCACAATGGTCT.1,3
TAGACCACACATAACC.1,2
TAGACCACAGAGTGTG.1,1
TAGACCAGTAGGGTAC.1,3
TAGACCATCAGATAAG.1,3
TAGACCATCAGCGATT.1,3
TAGACCATCAGGATCT.1,3
TAGAGCTAGACAATAC.1,3
TAGAGCTAGCCAACAG.1,2
TAGAGCTAGGTTACCT.1,2
TAGAGCTCACGAGAGT.1,4
TAGAGCTCAGCTCGAC.1,1
TAGAGCTCATCTACGA.1,1
TAGAGCTGTACTTCTT.1,3
TAGAGCTGTCCTCCAT.1,3
TAGAGCTGTGGACGAT.1,3
TAGAGCTGTGGCCCTA.1,3
TAGAGCTTCCCAAGAT.1,11
TAGAGCTTCCGAGCCA.1,2
TAGAGCTTCTACCAGA.1,3
TAGCCGGAGATATGGT.1,1
TAGCCGGCAAACTGCT.1,7
TAGCCGGCACTAAGTC.1,2
TAGCCGGCATCCCACT.1,3
TAGCCGGGTCCCTTGT.1,3
TAGCCGGGTCTAGTCA.1,2
TAGCCGGGTCTCCACT.1,3
TAGCCGGGTGCAGACA.1,1
TAGCCGGGTGCAGGTA.1,8
TAGCCGGTCAATCTCT.1,3
TAGCCGGTCGCAGGCT.1,5
TAGGCATCAGAGCCAA.1,3
TAGGCATGTGATGCCC.1,3
TAGGCATGTTCCGTCT.1,2
TAGGCATTCCCAAGTA.1,8
TAGTGGTAGAAGGTGA.1,4
TAGTGGTCATCCAACA.1,1
TAGTGGTCATCGGACC.1,2
TAGTGGTCATGGTAGG.1,3
TAGTGGTGTGCGAAAC.1,1
TAGTGGTGTTACCGAT.1,3
TAGTGGTGTTGGTGGA.1,3
TAGTGGTTCGAATGCT.1,3
TAGTGGTTCGCCTGTT.1,3
TAGTTGGAGAACTCGG.1,2
TAGTTGGCACTAGTAC.1,8
TAGTTGGGTCGAAAGC.1,3
TAGTTGGTCAGCCTAA.1,3
TAGTTGGTCAGTCAGT.1,2
TAGTTGGTCTTGAGGT.1,8
TATCAGGAGGTAGCTG.1,2
TATCAGGAGTTTCCTT.1,2
TATCAGGCACCACGTG.1,3
TATCAGGCAGTGGAGT.1,3
TATCAGGGTACCGTAT.1,5
TATCAGGGTGGTCCGT.1,3
TATCAGGGTTACTGAC.1,3
TATCAGGGTTGATTGC.1,11
TATCAGGGTTGGTAAA.1,3
TATCAGGTCATGCTCC.1,3
TATCAGGTCCAAACAC.1,2
TATCAGGTCGTCTGAA.1,2
TATCAGGTCTGAGGGA.1,2
TATCAGGTCTGTGCAA.1,3
TATCAGGTCTTGTATC.1,3
TATCTCAAGCTGGAAC.1,8
TATCTCAAGCTTCGCG.1,3
TATCTCAAGGATGTAT.1,5
TATCTCACAACGCACC.1,3
TATCTCACATTTGCCC.1,3
TATCTCAGTATTAGCC.1,3
TATCTCATCATAAAGG.1,1
TATCTCATCCAAACTG.1,3
TATCTCATCCGCAGTG.1,1
TATCTCATCGACCAGC.1,8
TATGCCCAGAGCTATA.1,2
TATGCCCAGCGGCTTC.1,8
TATGCCCAGGGCATGT.1,3
TATGCCCCACTCTGTC.1,8
TATGCCCCATTTGCCC.1,3
TATGCCCGTGAGGGAG.1,3
TATGCCCGTTAGGGTG.1,6
TATGCCCTCTGCTTGC.1,3
TATTACCAGTCATGCT.1,11
TATTACCAGTGAACAT.1,2
TATTACCCACTGAAGG.1,3
TATTACCCAGCTGCTG.1,8
TATTACCCATTGGCGC.1,2
TATTACCGTACCAGTT.1,9
TATTACCGTATAATGG.1,3
TATTACCGTCGCGTGT.1,1
TATTACCGTTATGTGC.1,7
TATTACCTCCCATTTA.1,3
TATTACCTCTCATTCA.1,2
TCAACGAAGCGAGAAA.1,3
TCAACGAAGCTAGGCA.1,2
TCAACGAAGCTGCCCA.1,1
TCAACGAAGCTTATCG.1,3
TCAACGAAGGCCATAG.1,2
TCAACGAAGTTAACGA.1,2
TCAACGACACGTCTCT.1,3
TCAACGACACTTGGAT.1,5
TCAACGACATTCACTT.1,3
TCAACGAGTCCGAAGA.1,3
TCAACGATCTCAACTT.1,3
TCAATCTAGCGCTTAT.1,1
TCAATCTCATGCCACG.1,4
TCAATCTCATTCACTT.1,1
TCAATCTGTAAGGGAA.1,2
TCAATCTGTTCCGTCT.1,3
TCAATCTGTTTGCATG.1,2
TCAATCTTCGGTGTCG.1,1
TCACAAGAGCAGCCTC.1,11
TCACAAGAGGAGTAGA.1,3
TCACAAGAGTGTCTCA.1,2
TCACAAGCACCTCGTT.1,3
TCACAAGCACGTTGGC.1,3
TCACAAGGTAGCTCCG.1,2
TCACAAGGTCCAACTA.1,1
TCACAAGGTCTTGTCC.1,3
TCACAAGGTGTCAATC.1,2
TCACAAGGTTCAGTAC.1,6
TCACAAGGTTGTGGCC.1,2
TCACAAGGTTTGTGTG.1,2
TCACAAGTCCAAACAC.1,6
TCACAAGTCCGTCAAA.1,3
TCACAAGTCCTCGCAT.1,3
TCACAAGTCGCCTGAG.1,11
TCACGAAAGCAGATCG.1,5
TCACGAAAGGTGATTA.1,6
TCACGAAAGTATCTCG.1,2
TCACGAACAGGTCGTC.1,3
TCACGAACAGTAGAGC.1,9
TCACGAAGTTGCTCCT.1,3
TCACGAATCAAGATCC.1,2
TCACGAATCCTACAGA.1,3
TCACGAATCGTCTGAA.1,2
TCAGATGAGCTCCTTC.1,3
TCAGATGAGTCCATAC.1,7
TCAGATGTCAGGTTCA.1,3
TCAGATGTCGCAAACT.1,3
TCAGCAAAGAAGCCCA.1,3
TCAGCAAAGCTTATCG.1,6
TCAGCAAAGGCACATG.1,11
TCAGCAAAGGGATCTG.1,3
TCAGCAACAATCACAC.1,2
TCAGCAACAATGGAGC.1,2
TCAGCAACACTAGTAC.1,8
TCAGCAAGTGCCTGTG.1,1
TCAGCAAGTGCTTCTC.1,3
TCAGCAAGTTCACGGC.1,3
TCAGCTCAGTAGTGCG.1,1
TCAGCTCCAAGTAGTA.1,8
TCAGCTCCAATGTAAG.1,9
TCAGCTCCACGACTCG.1,3
TCAGCTCCAGATGGCA.1,3
TCAGCTCCATTGGTAC.1,1
TCAGCTCGTATCTGCA.1,3
TCAGCTCGTCGCTTTC.1,2
TCAGCTCGTTGTACAC.1,3
TCAGCTCTCACCACCT.1,4
TCAGCTCTCGCCTGTT.1,11
TCAGCTCTCGTCGTTC.1,3
TCAGCTCTCTGCTTGC.1,3
TCAGCTCTCTTGCCGT.1,2
TCAGGATAGAGTCTGG.1,5
TCAGGATAGCGGATCA.1,2
TCAGGATGTCCTAGCG.1,3
TCAGGATGTTGGTAAA.1,3
TCAGGATTCATTGCGA.1,3
TCAGGTAAGGAATTAC.1,3
TCAGGTACAATCGAAA.1,3
TCAGGTACAGTCAGCC.1,1
TCAGGTAGTAGCGTGA.1,1
TCAGGTATCACCCTCA.1,2
TCAGGTATCCGTTGTC.1,1
TCAGGTATCTATGTGG.1,2
TCATTACCAACGATCT.1,4
TCATTACCAAGTAATG.1,3
TCATTACCACAGAGGT.1,4
TCATTACCATTGAGCT.1,3
TCATTACGTCACCCAG.1,2
TCATTACGTCTCATCC.1,8
TCATTTGAGAACAACT.1,8
TCATTTGAGAATAGGG.1,2
TCATTTGAGCAAATCA.1,4
TCATTTGAGCACACAG.1,3
TCATTTGAGTACACCT.1,2
TCATTTGCACCTCGGA.1,3
TCATTTGCACCTGGTG.1,3
TCATTTGGTGGGTCAA.1,3
TCATTTGTCCATGAGT.1,8
TCCACACAGGGAGTAA.1,3
TCCACACAGTCCGTAT.1,3
TCCACACGTCTTGTCC.1,8
TCCACACGTGTCTGAT.1,1
TCCACACTCCGCGTTT.1,1
TCCCGATAGACTACAA.1,1
TCCCGATAGTGGTCCC.1,3
TCCCGATCATGGATGG.1,4
TCCCGATGTCTCAACA.1,3
TCCCGATTCCAGTATG.1,3
TCCCGATTCCTACAGA.1,2
TCCCGATTCCTCATTA.1,5
TCGAGGCAGGAGTTTA.1,3
TCGAGGCAGGATGTAT.1,3
TCGAGGCAGGGAACGG.1,3
TCGAGGCAGGTAGCTG.1,3
TCGAGGCCACACCGCA.1,3
TCGAGGCCATCCTTGC.1,3
TCGAGGCGTCTACCTC.1,4
TCGAGGCGTGTGAAAT.1,8
TCGAGGCGTTAAGACA.1,2
TCGCGAGCACGAAGCA.1,3
TCGCGAGCAGACAAAT.1,3
TCGCGAGGTGCAACGA.1,3
TCGCGAGGTGCTTCTC.1,8
TCGCGTTAGCATCATC.1,3
TCGCGTTAGTTAGCGG.1,3
TCGCGTTCACGGCTAC.1,3
TCGCGTTCATCGATTG.1,2
TCGCGTTGTACGAAAT.1,11
TCGCGTTGTGTGACCC.1,8
TCGCGTTTCAGCATGT.1,5
TCGCGTTTCATGGTCA.1,6
TCGCGTTTCGACAGCC.1,3
TCGCGTTTCTGAAAGA.1,3
TCGGGACAGCGATTCT.1,3
TCGGGACAGCGTGAGT.1,3
TCGGGACAGTGTACGG.1,2
TCGGGACCACGGACAA.1,3
TCGGGACCAGGACGTA.1,2
TCGGGACGTGTGGTTT.1,3
TCGGGACGTTCTGAAC.1,2
TCGGGACGTTTGGGCC.1,3
TCGGGACTCCCAACGG.1,2
TCGGGACTCTGAAAGA.1,8
TCGGGACTCTTGCATT.1,3
TCGGTAAAGTTTCCTT.1,7
TCGGTAAGTCGCATAT.1,2
TCGGTAAGTGTTCTTT.1,3
TCGGTAAGTTCTGAAC.1,6
TCGGTAATCGTCTGCT.1,2
TCGGTAATCTCGCTTG.1,7
TCGTACCAGCAGGCTA.1,3
TCGTACCAGCCAGTTT.1,8
TCGTACCAGCGCCTCA.1,8
TCGTACCAGCTAAACA.1,1
TCGTACCAGGATCGCA.1,3
TCGTACCAGGCTCATT.1,8
TCGTACCAGTATTGGA.1,3
TCGTACCGTTCAGCGC.1,3
TCGTACCTCGGCGCAT.1,2
TCGTAGACAATTGCTG.1,8
TCGTAGACACTAAGTC.1,2
TCGTAGACAGTTTACG.1,9
TCGTAGACATCTCGCT.1,1
TCGTAGACATTCCTGC.1,6
TCGTAGAGTCATACTG.1,3
TCGTAGAGTCCAGTTA.1,3
TCGTAGAGTGCGAAAC.1,3
TCGTAGAGTTCCACTC.1,3
TCGTAGATCGCCTGAG.1,3
TCGTAGATCTTCATGT.1,1
TCTATTGAGACAGGCT.1,1
TCTATTGAGCGTTTAC.1,3
TCTATTGAGCTAGTCT.1,1
TCTATTGAGGAGTCTG.1,2
TCTATTGCAAGCGAGT.1,3
TCTATTGCAGCCACCA.1,2
TCTATTGCAGCCTTTC.1,2
TCTATTGCATACTCTT.1,8
TCTATTGGTGAGTGAC.1,8
TCTATTGTCACCATAG.1,3
TCTATTGTCACCCTCA.1,11
TCTATTGTCATCTGTT.1,2
TCTCATAAGAAACCTA.1,1
TCTCATAAGATAGGAG.1,3
TCTCATAAGCGTGTCC.1,8
TCTCATAAGTTAGCGG.1,8
TCTCATAAGTTGCAGG.1,2
TCTCATACACATCCGG.1,3
TCTCATACACGCATCG.1,3
TCTCATACAGGATTGG.1,3
TCTCATAGTAGCTTGT.1,2
TCTCATAGTCGCGAAA.1,3
TCTCATAGTTTGCATG.1,3
TCTCATATCAGCTCTC.1,3
TCTCATATCTGCGTAA.1,3
TCTCATATCTGGTTCC.1,2
TCTCTAAAGCACCGCT.1,2
TCTCTAACAACACCCG.1,4
TCTCTAACAACTTGAC.1,3
TCTCTAACATCTCGCT.1,2
TCTCTAAGTATATGGA.1,2
TCTCTAATCAACGGGA.1,1
TCTCTAATCACTCCTG.1,2
TCTCTAATCAGCAACT.1,11
TCTCTAATCAGGTAAA.1,1
TCTCTAATCCAGAAGG.1,3
TCTCTAATCCAGATCA.1,3
TCTGAGAAGGCCCTTG.1,3
TCTGAGAAGTGCAAGC.1,2
TCTGAGAGTATGCTTG.1,6
TCTGAGAGTCACTGGC.1,6
TCTGAGATCAACACAC.1,11
TCTGAGATCAAGATCC.1,3
TCTGAGATCCACGTTC.1,3
TCTGGAAAGAACTGTA.1,2
TCTGGAAAGAGTACAT.1,2
TCTGGAAAGCGAAGGG.1,4
TCTGGAAGTAAGGGCT.1,3
TCTGGAAGTACGCTGC.1,8
TCTGGAAGTTCAGTAC.1,2
TCTGGAATCACATAGC.1,3
TCTGGAATCAGTCAGT.1,5
TCTGGAATCCTCCTAG.1,3
TCTTCGGAGTGAACAT.1,3
TCTTCGGAGTTTCCTT.1,5
TCTTCGGGTAGCGCTC.1,1
TCTTCGGGTCTCCCTA.1,3
TCTTCGGTCACAGGCC.1,6
TCTTCGGTCCTCAACC.1,2
TCTTCGGTCGGAGCAA.1,3
TCTTTCCAGCTAGTTC.1,2
TCTTTCCCACACCGAC.1,3
TCTTTCCGTCTGATCA.1,8
TCTTTCCGTTTGTTGG.1,3
TCTTTCCTCCCAGGTG.1,6
TCTTTCCTCCGTAGTA.1,6
TCTTTCCTCGCGCCAA.1,6
TCTTTCCTCTGGCGAC.1,3
TGAAAGAAGCCACTAT.1,8
TGAAAGAAGTGAAGAG.1,2
TGAAAGACAGATGGGT.1,3
TGAAAGACATCTCCCA.1,3
TGAAAGATCAAGCCTA.1,5
TGAAAGATCATGTAGC.1,5
TGAAAGATCCAATGGT.1,2
TGAAAGATCTGCGACG.1,3
TGACAACAGAGCTATA.1,3
TGACAACAGCCAGAAC.1,3
TGACAACAGCGATTCT.1,3
TGACAACAGCGCCTCA.1,11
TGACAACCAAGCCTAT.1,3
TGACAACCATAGTAAG.1,3
TGACAACGTCTAGAGG.1,8
TGACAACGTGAGTGAC.1,3
TGACAACGTGCGATAG.1,3
TGACAACTCAGTACGT.1,3
TGACAACTCATTGCCC.1,8
TGACAACTCCCTCTTT.1,1
TGACAACTCGTAGATC.1,6
TGACAACTCTCGTTTA.1,3
TGACGGCAGTGTCTCA.1,3
TGACGGCCAGCGTAAG.1,2
TGACGGCCAGGGAGAG.1,2
TGACGGCCAGTATCTG.1,3
TGACGGCCATGCTGGC.1,3
TGACGGCGTATGAAAC.1,6
TGACGGCTCATCTGTT.1,11
TGACGGCTCCTGCTTG.1,3
TGACGGCTCGGTTAAC.1,3
TGACGGCTCGTTGACA.1,8
TGACTAGAGTACGCGA.1,3
TGACTAGAGTTAGCGG.1,8
TGACTAGAGTTGCAGG.1,3
TGACTAGAGTTTCCTT.1,3
TGACTAGGTTAAGAAC.1,6
TGACTAGGTTAAGTAG.1,2
TGACTAGTCGCCAAAT.1,11
TGACTTTAGAACTGTA.1,7
TGACTTTAGACAAGCC.1,1
TGACTTTAGAGATGAG.1,3
TGACTTTAGTGTGAAT.1,3
TGACTTTCAAGAGTCG.1,3
TGACTTTCATGACGGA.1,1
TGACTTTGTCTCTCGT.1,3
TGACTTTTCGCTAGCG.1,4
TGACTTTTCGGAGCAA.1,2
TGAGAGGAGATATACG.1,1
TGAGAGGAGCAGGCTA.1,6
TGAGAGGAGTTAAGTG.1,3
TGAGAGGCAGCGTAAG.1,8
TGAGAGGCAGGATTGG.1,3
TGAGAGGGTTCAGACT.1,2
TGAGAGGGTTGAGTTC.1,9
TGAGAGGTCATTTGGG.1,3
TGAGAGGTCTGCCAGG.1,3
TGAGCATAGCGTCAAG.1,7
TGAGCATAGTACGATA.1,3
TGAGCATAGTGACTCT.1,8
TGAGCATCAGTATGCT.1,8
TGAGCATGTAATCGTC.1,8
TGAGCATGTCAGAATA.1,8
TGAGCATTCCAGATCA.1,2
TGAGCATTCTTGCATT.1,7
TGAGCATTCTTGGGTA.1,3
TGAGCCGAGACAGGCT.1,3
TGAGCCGAGACATAAC.1,2
TGAGCCGAGGCCGAAT.1,9
TGAGCCGCAAGCCCAC.1,2
TGAGCCGCAAGTTGTC.1,3
TGAGCCGCAGGACCCT.1,3
TGAGCCGCAGTATGCT.1,1
TGAGCCGCATCACCCT.1,3
TGAGCCGGTCTACCTC.1,3
TGAGCCGTCATTTGGG.1,2
TGAGGGAAGAAACCTA.1,3
TGAGGGAAGAGTACCG.1,3
TGAGGGAAGATATACG.1,6
TGAGGGAAGTACCGGA.1,3
TGAGGGAAGTGGTAGC.1,3
TGAGGGACACCATGTA.1,7
TGAGGGATCCTAAGTG.1,3
TGAGGGATCTGCCCTA.1,3
TGATTTCAGCGAGAAA.1,3
TGATTTCAGCTAGTCT.1,3
TGATTTCAGGGCTTCC.1,3
TGATTTCAGTGGGCTA.1,4
TGATTTCCACAGCCCA.1,8
TGATTTCCAGCTCGAC.1,2
TGATTTCGTAACGTTC.1,2
TGATTTCGTAGCGTAG.1,2
TGATTTCGTCCGTCAG.1,3
TGATTTCGTTCACCTC.1,1
TGATTTCTCAGCTCTC.1,2
TGATTTCTCATGCATG.1,3
TGATTTCTCCGTAGTA.1,2
TGCACCTAGCCACGCT.1,1
TGCACCTAGGCTAGGT.1,3
TGCACCTCAGGCTGAA.1,5
TGCACCTCATAGTAAG.1,3
TGCACCTGTATAAACG.1,3
TGCACCTTCCTTTACA.1,7
TGCCAAAAGACGACGT.1,2
TGCCAAAAGATGTAAC.1,11
TGCCAAAAGCCGATTT.1,3
TGCCAAACACAGGTTT.1,2
TGCCAAACACATTAGC.1,3
TGCCAAACATCCCACT.1,3
TGCCAAACATGACATC.1,2
TGCCAAACATTCCTGC.1,3
TGCCAAAGTCGAATCT.1,8
TGCCAAAGTCTAGTGT.1,6
TGCCAAAGTTTGACAC.1,8
TGCCAAATCGAGAGCA.1,3
TGCCCATAGCCTTGAT.1,1
TGCCCATAGGGAACGG.1,3
TGCCCATAGGGTCTCC.1,3
TGCCCATAGTGCAAGC.1,3
TGCCCATAGTGGTAGC.1,1
TGCCCATGTACAGTGG.1,3
TGCCCATGTAGCCTCG.1,8
TGCCCATGTGTTTGTG.1,3
TGCCCATGTTATTCTC.1,8
TGCCCTACAATAGCGG.1,3
TGCCCTACACAGGAGT.1,6
TGCCCTACACTGTCGG.1,3
TGCCCTACATCCCATC.1,2
TGCCCTACATCCTTGC.1,3
TGCCCTAGTCGCGTGT.1,11
TGCCCTAGTTATCGGT.1,8
TGCCCTATCAAGGTAA.1,9
TGCCCTATCCACTCCA.1,2
TGCCCTATCGCAAGCC.1,1
TGCCCTATCTTCATGT.1,2
TGCCCTATCTTGCAAG.1,5
TGCGCAGAGTCAAGCG.1,3
TGCGCAGGTAGAGTGC.1,3
TGCGCAGGTATCACCA.1,3
TGCGCAGGTCACTTCC.1,2
TGCGCAGGTCGAGTTT.1,2
TGCGCAGTCGAGCCCA.1,3
TGCGCAGTCTCTAAGG.1,3
TGCGGGTAGTGGCACA.1,3
TGCGGGTAGTGGGCTA.1,3
TGCGGGTAGTTGAGTA.1,2
TGCGGGTCACAGTCGC.1,4
TGCGGGTCACATCCGG.1,2
TGCGGGTCACTTAACG.1,2
TGCGGGTGTCAGAATA.1,2
TGCGGGTTCGTAGGTT.1,8
TGCGGGTTCTGGTGTA.1,9
TGCGTGGAGGTCGGAT.1,2
TGCGTGGCATTACCTT.1,3
TGCGTGGGTACAGCAG.1,8
TGCGTGGTCACCAGGC.1,6
TGCGTGGTCACTCCTG.1,3
TGCGTGGTCATACGGT.1,3
TGCGTGGTCCACGAAT.1,5
TGCGTGGTCTTGAGGT.1,5
TGCTACCAGCGATATA.1,2
TGCTACCAGGCAGGTT.1,9
TGCTACCCATTTCAGG.1,3
TGCTACCGTACACCGC.1,3
TGCTACCGTAGCGCAA.1,3
TGCTACCTCGAGAACG.1,8
TGCTACCTCGCTTAGA.1,6
TGCTACCTCTGCGGCA.1,3
TGCTGCTAGGCGCTCT.1,8
TGCTGCTAGGTTCCTA.1,3
TGCTGCTCAGTCGATT.1,3
TGCTGCTCATGACGGA.1,3
TGCTGCTGTTCGAATC.1,3
TGCTGCTGTTTGTGTG.1,3
TGGACGCAGTACACCT.1,3
TGGACGCAGTGACATA.1,2
TGGACGCAGTGCGTGA.1,2
TGGACGCCAGCATGAG.1,2
TGGACGCGTAAAGTCA.1,3
TGGACGCGTAGAAGGA.1,4
TGGACGCGTGTTCGAT.1,3
TGGACGCTCCTGCAGG.1,3
TGGACGCTCGGAAATA.1,3
TGGACGCTCTAGAGTC.1,3
TGGCCAGAGGGATACC.1,3
TGGCCAGCAGCCTTTC.1,2
TGGCCAGCATTCGACA.1,2
TGGCCAGGTACAGTGG.1,3
TGGCCAGGTGCCTTGG.1,8
TGGCCAGGTGGCTCCA.1,2
TGGCCAGGTGGTACAG.1,2
TGGCCAGTCCGGCACA.1,3
TGGCCAGTCTAACTGG.1,11
TGGCCAGTCTACTATC.1,3
TGGCGCAAGCAGGCTA.1,2
TGGCGCAAGCTAAGAT.1,8
TGGCGCAAGTTCGATC.1,3
TGGCGCAGTCATGCCG.1,3
TGGCGCAGTCGGCTCA.1,2
TGGCGCAGTCTCGTTC.1,3
TGGCGCAGTGGCAAAC.1,2
TGGCGCATCGGAGGTA.1,1
TGGCTGGAGTCCGTAT.1,2
TGGCTGGCAATTGCTG.1,3
TGGCTGGCACTATCTT.1,7
TGGCTGGCAGTATAAG.1,2
TGGCTGGCATGTCGAT.1,8
TGGCTGGGTACCATCA.1,2
TGGCTGGGTGGTCCGT.1,3
TGGCTGGGTTACGACT.1,3
TGGCTGGTCATTATCC.1,2
TGGGAAGAGTGGTCCC.1,3
TGGGAAGCAAGAAGAG.1,2
TGGGAAGCACAGAGGT.1,6
TGGGAAGCATATACCG.1,2
TGGGAAGGTCTAGGTT.1,3
TGGGAAGTCAACACAC.1,2
TGGGAAGTCATCGCTC.1,8
TGGGAAGTCGATAGAA.1,8
TGGGAAGTCTTCGAGA.1,3
TGGGCGTAGACTTGAA.1,3
TGGGCGTAGCTATGCT.1,3
TGGGCGTCAAGTTAAG.1,3
TGGGCGTCATTGCGGC.1,2
TGGGCGTGTGACAAAT.1,3
TGGGCGTTCCTCAACC.1,5
TGGGCGTTCTCCGGTT.1,3
TGGGCGTTCTTCAACT.1,3
TGGTTAGAGCTGCCCA.1,3
TGGTTAGCAAGCCGCT.1,3
TGGTTAGCACATGGGA.1,2
TGGTTAGCAGCCTTGG.1,5
TGGTTAGGTTACTGAC.1,8
TGGTTAGGTTCTGTTT.1,3
TGGTTAGTCCCTTGTG.1,3
TGGTTAGTCTATCCTA.1,2
TGGTTCCGTCCATGAT.1,3
TGGTTCCGTCCTCTTG.1,3
TGGTTCCGTCGGATCC.1,5
TGGTTCCGTGCCTTGG.1,3
TGGTTCCGTTATCGGT.1,6
TGGTTCCGTTCCATGA.1,3
TGGTTCCTCCAGAGGA.1,2
TGTATTCAGGCCCTCA.1,3
TGTATTCCACAGAGGT.1,1
TGTATTCCACTCGACG.1,3
TGTATTCCAGTTAACC.1,3
TGTATTCTCGGAGCAA.1,8
TGTCCCAAGAAGGTGA.1,3
TGTCCCAAGCGTAGTG.1,9
TGTCCCACAATGTAAG.1,3
TGTCCCACACTAAGTC.1,2
TGTCCCACATGGTCTA.1,3
TGTCCCAGTCGCTTTC.1,1
TGTCCCAGTTCCACTC.1,3
TGTGGTAAGGTGCTAG.1,2
TGTGGTACACAAGCCC.1,8
TGTGGTACAGTCCTTC.1,3
TGTGGTACAGTTAACC.1,2
TGTGGTAGTACCGCTG.1,1
TGTGGTAGTACCTACA.1,11
TGTGGTAGTATTCGTG.1,3
TGTGGTAGTCAGGACA.1,3
TGTGGTAGTCTAAAGA.1,7
TGTGGTAGTTACGACT.1,1
TGTGGTATCACGGTTA.1,3
TGTGGTATCTAAGCCA.1,8
TGTGTTTCACACAGAG.1,3
TGTGTTTCACCATGTA.1,3
TGTGTTTCACGGTGTC.1,3
TGTGTTTGTACCGTTA.1,2
TGTGTTTTCCGCGGTA.1,8
TGTGTTTTCGCCTGTT.1,3
TGTGTTTTCTGCAGTA.1,8
TGTTCCGAGAAGGTGA.1,8
TGTTCCGAGAGGTTAT.1,6
TGTTCCGAGCGCTCCA.1,4
TGTTCCGAGGGTTCCC.1,6
TGTTCCGCACGTCAGC.1,1
TGTTCCGCAGCATGAG.1,4
TGTTCCGCAGTAAGAT.1,1
TGTTCCGGTCTTTCAT.1,2
TGTTCCGTCCCTTGTG.1,3
TTAACTCAGAAGCCCA.1,8
TTAACTCAGCTAACAA.1,4
TTAACTCAGCTGTCTA.1,6
TTAACTCCAACACCTA.1,8
TTAACTCCAATGGAGC.1,1
TTAACTCCACTTACGA.1,3
TTAACTCCAGCTGTAT.1,3
TTAACTCGTATGAATG.1,3
TTAACTCGTCTGATTG.1,2
TTAACTCGTGACTCAT.1,3
TTAACTCGTGGTGTAG.1,2
TTAACTCTCACCGTAA.1,1
TTAACTCTCAGCTTAG.1,3
TTAACTCTCGGAGGTA.1,2
TTAGGACAGCGTAATA.1,1
TTAGGACAGTGTGGCA.1,3
TTAGGACTCAGCACAT.1,3
TTAGGACTCGTGACAT.1,2
TTAGGACTCTAACGGT.1,2
TTAGGCAAGCCGCCTA.1,4
TTAGGCAAGGGAACGG.1,2
TTAGGCAAGTTGCAGG.1,3
TTAGGCACAACGATGG.1,3
TTAGGCACAATCGGTT.1,3
TTAGGCACATGGGAAC.1,2
TTAGGCACATGTAGTC.1,3
TTAGGCAGTCTTCTCG.1,8
TTAGGCAGTGTGAAAT.1,2
TTAGGCAGTGTTGGGA.1,2
TTAGGCATCAGCGACC.1,3
TTAGGCATCCCATTTA.1,3
TTAGTTCAGACTCGGA.1,2
TTAGTTCCAAACCCAT.1,1
TTAGTTCCACGTCTCT.1,11
TTAGTTCCATCTGGTA.1,2
TTAGTTCCATGGTAGG.1,8
TTAGTTCCATGTAAGA.1,1
TTAGTTCGTACACCGC.1,8
TTAGTTCGTAGCGTCC.1,8
TTAGTTCGTCACTTCC.1,9
TTAGTTCGTTCCATGA.1,3
TTAGTTCTCAAGAAGT.1,1
TTAGTTCTCCCTAACC.1,1
TTAGTTCTCGCGATCG.1,2
TTATGCTAGAGATGAG.1,4
TTATGCTAGCAACGGT.1,3
TTATGCTAGGGAGTAA.1,3
TTATGCTAGGTGCAAC.1,2
TTATGCTAGTAGTGCG.1,3
TTATGCTCATCACAAC.1,1
TTATGCTCATTTCAGG.1,2
TTATGCTGTCTAGGTT.1,2
TTCCCAGAGAAGGTTT.1,8
TTCCCAGAGAGTCTGG.1,11
TTCCCAGAGCCAGAAC.1,2
TTCCCAGCAAAGTGCG.1,5
TTCCCAGCAATAGCGG.1,3
TTCCCAGCACCTATCC.1,6
TTCCCAGGTCTTTCAT.1,2
TTCCCAGGTTATCGGT.1,2
TTCCCAGTCACATGCA.1,3
TTCCCAGTCCTAGTGA.1,3
TTCCCAGTCTATCGCC.1,2
TTCCCAGTCTTGTACT.1,3
TTCGAAGAGATATGCA.1,3
TTCGAAGAGGGTCTCC.1,3
TTCGAAGCACAAGTAA.1,3
TTCGAAGCAGGGCATA.1,3
TTCGAAGGTACAAGTA.1,1
TTCGAAGGTATTACCG.1,11
TTCGAAGGTGAGGCTA.1,2
TTCGAAGGTTAAGACA.1,8
TTCGAAGTCTTCATGT.1,2
TTCGGTCAGAGCAATT.1,2
TTCGGTCAGCCACTAT.1,6
TTCGGTCAGCGTTCCG.1,8
TTCGGTCAGGTTACCT.1,1
TTCGGTCAGTGCAAGC.1,3
TTCGGTCAGTGTACTC.1,2
TTCGGTCCAGGGAGAG.1,3
TTCGGTCCATTGTGCA.1,4
TTCGGTCGTCGGATCC.1,8
TTCGGTCGTGCATCTA.1,3
TTCGGTCGTTGTCGCG.1,3
TTCGGTCTCCTGCAGG.1,1
TTCGGTCTCGTACGGC.1,2
TTCTACAGTCTCATCC.1,2
TTCTACAGTGACTCAT.1,8
TTCTACATCACCAGGC.1,1
TTCTACATCATTGCCC.1,2
TTCTACATCGCCTGTT.1,6
TTCTCAAAGCCAGTTT.1,5
TTCTCAAAGCTCCTCT.1,3
TTCTCAAAGTACGTAA.1,4
TTCTCAAAGTTGTCGT.1,3
TTCTCAACAGACAAAT.1,1
TTCTCAACAGGACCCT.1,3
TTCTCAACATTGTGCA.1,2
TTCTCAAGTCTAGCGC.1,3
TTCTCAAGTGGCTCCA.1,2
TTCTCAAGTTATCACG.1,2
TTCTCAATCGCATGGC.1,8
TTCTCCTAGACGCAAC.1,3
TTCTCCTAGCACCGCT.1,1
TTCTCCTAGCTAACTC.1,3
TTCTCCTAGTGATCGG.1,3
TTCTCCTCACAGATTC.1,3
TTCTCCTCACGTGAGA.1,3
TTCTCCTGTACAGCAG.1,1
TTCTCCTTCCGAATGT.1,3
TTCTCCTTCCGCGGTA.1,3
TTCTTAGAGACGCAAC.1,3
TTCTTAGAGATCTGAA.1,3
TTCTTAGAGGAGTTGC.1,2
TTCTTAGAGGCTCAGA.1,2
TTCTTAGCACATGTGT.1,3
TTCTTAGCAGAAGCAC.1,2
TTCTTAGCAGCTGCTG.1,3
TTCTTAGGTCAAAGCG.1,3
TTCTTAGGTTCACCTC.1,3
TTCTTAGTCACGCGGT.1,3
TTCTTAGTCCCAAGAT.1,3
TTCTTAGTCCCATTTA.1,1
TTCTTAGTCGTAGGTT.1,3
TTGAACGAGTCAAGGC.1,2
TTGAACGCAACTGGCC.1,2
TTGAACGCAGGAACGT.1,1
TTGAACGCAGTTCCCT.1,1
TTGAACGCATAACCTG.1,3
TTGAACGGTTCATGGT.1,2
TTGAACGTCAAGGCTT.1,1
TTGAACGTCCGTACAA.1,3
TTGACTTAGATGGGTC.1,3
TTGACTTAGCCGCCTA.1,2
TTGACTTAGTTGCAGG.1,3
TTGACTTGTAGCGTAG.1,8
TTGACTTTCAGGCGAA.1,2
TTGACTTTCATCTGCC.1,2
TTGACTTTCGTCCAGG.1,8
TTGACTTTCGTTGCCT.1,2
TTGCCGTAGTAACCCT.1,3
TTGCCGTCAGATCGGA.1,2
TTGCCGTCAGCGTAAG.1,3
TTGCCGTTCATCGCTC.1,1
TTGCCGTTCTGTCAAG.1,2
TTGCGTCAGACCCACC.1,2
TTGCGTCAGAGTCGGT.1,8
TTGCGTCAGCTAAACA.1,3
TTGCGTCAGTCATGCT.1,1
TTGCGTCCAAGCTGGA.1,8
TTGCGTCCAATAGCGG.1,1
TTGCGTCCACTTCTGC.1,2
TTGCGTCCATCCTTGC.1,3
TTGCGTCGTAATTGGA.1,2
TTGCGTCGTGGTCCGT.1,2
TTGCGTCTCTAACTTC.1,3
TTGCGTCTCTACCTGC.1,1
TTGCGTCTCTCGCTTG.1,3
TTGGAACCACTCTGTC.1,2
TTGGAACGTACCAGTT.1,8
TTGGAACGTCTTCGTC.1,2
TTGGAACTCGCATGAT.1,3
TTGGCAAAGACACTAA.1,1
TTGGCAAAGCAGGCTA.1,1
TTGGCAACAATGAAAC.1,2
TTGGCAACATACAGCT.1,1
TTGGCAACATTAGGCT.1,1
TTGGCAAGTACTCGCG.1,3
TTGGCAATCACCCTCA.1,8
TTGGCAATCACTCTTA.1,3
TTGGCAATCCACGCAG.1,1
TTGGCAATCTCCGGTT.1,8
TTGTAGGAGGATGCGT.1,2
TTGTAGGAGTACGCGA.1,3
TTGTAGGCAAGCTGTT.1,3
TTGTAGGCACCATCCT.1,4
TTGTAGGGTATAGGTA.1,3
TTGTAGGGTTGAACTC.1,2
TTTACTGAGCGTAATA.1,3
TTTACTGAGTACGTTC.1,1
TTTACTGCAAACCCAT.1,2
TTTACTGCAGTTAACC.1,8
TTTACTGCATCAGTAC.1,7
TTTACTGGTAGGAGTC.1,3
TTTACTGGTGGGTCAA.1,3
TTTACTGGTGTTAAGA.1,3
TTTACTGGTTATCGGT.1,1
TTTATGCAGATAGCAT.1,1
TTTATGCAGCAGACTG.1,2
TTTATGCAGCCACGCT.1,3
TTTATGCAGCCAGTTT.1,2
TTTATGCAGGATATAC.1,3
TTTATGCAGGCCCTTG.1,3
TTTATGCCACCAGGTC.1,2
TTTATGCGTACTCTCC.1,1
TTTATGCGTCTGGAGA.1,3
TTTCCTCAGTGACTCT.1,4
TTTCCTCAGTTAGGTA.1,2
TTTCCTCCAAATACAG.1,3
TTTCCTCCAATCTACG.1,8
TTTCCTCCATAGGATA.1,3
TTTCCTCGTGGACGAT.1,3
TTTCCTCGTTACCGAT.1,3
TTTCCTCTCACAATGC.1,2
TTTCCTCTCAGAGACG.1,2
TTTCCTCTCCGAACGC.1,6
TTTCCTCTCCGCGCAA.1,2
TTTGCGCAGGACACCA.1,3
TTTGCGCCATGCCTTC.1,8
TTTGCGCCATTTGCTT.1,8
TTTGCGCGTAATAGCA.1,2
TTTGCGCTCAATCACG.1,3
TTTGCGCTCGATAGAA.1,8
TTTGCGCTCTCTTGAT.1,1
TTTGGTTAGGATGGTC.1,3
TTTGGTTCACTTAAGC.1,3
TTTGGTTCAGGACGTA.1,11
TTTGGTTCATGCCTAA.1,2
TTTGGTTCATTGGCGC.1,2
TTTGGTTGTTATCACG.1,8
TTTGGTTTCGCTAGCG.1,3
TTTGTCACACTTAACG.1,2
TTTGTCACAGGTCCAC.1,2
TTTGTCAGTTAAGACA.1,7
TTTGTCATCCCAAGAT.1,3
